influx tag,"Antenna
name",Cosmic ray subarray,"Antenna
type",Latitude ITRF2000(1997.0),Longitude  ITRF2000(1997.0),Elevation (meters HAE),X (m),Y (m),"Used in
LWA-352",Online,Pol A FEE #,Pol B FEE #,Pol A Ant cable status,Pol B Ant cable status,"ARX board
location #",ARX Serial Number,ARX board address,"Pol A ARX
channel #",,"Pol B ARX
channel #",,"SNAP2
board ID","SNAP2
chassis #","SNAP2
location #",SNAP2 MAC Address,"SNAP2
hostname",FMC #,"Pol A digitizer
channel #","Pol B digitizer
channel #",Pol A FPGA Input #,Pol B FPGA Input #,Correlator number,Notes,,,
dict_key,antname,,ant_type,latitude,longitude,elevation,x,y,used,online,pola_fee,polb_fee,pola_resistance,polb_resistance,arx_location,arx_serial,arx_address,pola_arx_channel,check1,polb_arx_channel,check2,snap2_serial,snap2_chassis,snap2_location,snap2_mac,snap2_hostname,fmc,pola_digitizer_channel,polb_digitizer_channel,pola_fpga_num,polb_fpga_num,corr_num,notes,,,
description,LWA-001,G,Coaxial,37.24045204,-118.2809073,1182.97,67.38,74.89,YES,YES,0221,1343,OK,OK,15,40,15,3,1503,4,1504,10,1,3,02:00:a6:4e:e4:6f,snap03.sas.pvt,0,0,1,2,3,65,FEE installed 10/28/2021,,,
,LWA-002,G,Coaxial,37.24036564,-118.2809436,1182.73,64.16,65.30,YES,YES,0211,1379,OK,OK,15,40,15,5,1505,6,1506,10,1,3,02:00:a6:4e:e4:6f,snap03.sas.pvt,0,2,3,0,1,64,FEE installed 10/28/2021,,,
,LWA-013,A,Coaxial,37.23983072,-118.2808512,1182.49,72.36,5.93,YES,YES,0486,0265,OK,OK,18,37,18,9,1809,10,1810,7,1,4,00:00:08:4b:e4:6f,snap04.sas.pvt,0,2,3,0,1,96,FEE installed 11/03/2021,,,
,LWA-030,C,Coaxial,37.23930735,-118.2807559,1182.34,80.82,-52.15,YES,YES,0774,0886,OK,OK,21,34,21,13,2113,14,2114,5,1,5,00:00:18:2d:e4:75,snap05.sas.pvt,0,2,3,0,1,128,FEE installed 10/29/2021,,,
,LWA-035,I,Coaxial,37.24037499,-118.2811744,1182.65,43.69,66.34,YES,YES,0338,0572,OK,OK,25,31,25,1,2501,2,2502,6,1,6,02:00:c2:4f:e4:75,snap06.sas.pvt,0,2,3,0,1,160,FEE installed 11/08/2021,,,
,LWA-078,H,Coaxial,37.2398323,-118.2813838,1182.95,25.10,6.11,YES,YES,0491,0655,OK,OK,28,18,28,9,2809,10,2810,8,2,7,00:00:d6:de:e4:75,snap07.sas.pvt,0,2,3,0,1,192,FEE installed 11/01/2021,,,
,LWA-124,B,Coaxial,37.23928088,-118.2816161,1182.87,4.49,-55.09,YES,YES,0475,0229,OK,OK,32,20,32,3,3203,4,3204,3,2,8,00:00:b3:f2:e4:75,snap08.sas.pvt,0,2,3,0,1,224,FEE installed on 11/04/2021,,,
,LWA-135,F,Coaxial,37.24030174,-118.2818566,1182.80,-16.85,58.21,YES,YES,0334,0571,OK,OK,35,29,35,7,3507,8,3508,1,2,9,02:00:ce:ca:e4:6f,snap09.sas.pvt,0,2,3,0,1,256,FEE installed on 11/04/2021,,,
,LWA-170,D,Coaxial,37.2399539,-118.2820836,1183.19,-36.99,19.60,YES,YES,0507,0103,OK,OK,38,43,38,13,3813,14,3814,2,2,10,00:00:41:1e:e4:75,snap10.sas.pvt,0,2,3,0,1,288,FEE installed on 11/04/2021,,,
,LWA-177,E,Coaxial,37.23969309,-118.2820188,1183.03,-31.24,-9.34,YES,YES,0493,0632,OK,OK,42,47,42,3,4203,4,4204,4,2,11,00:00:b3:fc:e4:6f,snap11.sas.pvt,0,2,3,0,1,320,FEE installed on 11/03/2021,,,
,LWA-257,K,Fiber,37.23745241,-118.2894516,1179.72,-690.78,-258.02,YES,YES,504,272,,,5,4101,5,1,501,2,502,12,1,2,02:00:d4:5b:e4:75,snap02.sas.pvt,0,2,3,0,1,32,,,,
,LWA-266,J,Fiber,37.24245623,-118.2846393,1184.34,-263.75,297.32,YES,YES,456,166,,,1,4102,1,3,103,4,104,13,1,1,00:00:4e:e4:ef:75,snap01.sas.pvt,0,2,3,0,1,0,,,,
,LWA-255,K,Coaxial,37.2398291,-118.2846536,1184.06,-265.03,5.75,YES,YES,0539,1655,OK,OK,15,40,15,1,1501,2,1502,12,1,2,02:00:d4:5b:e4:75,snap02.sas.pvt,0,0,1,1,3,32.5,,,,
,LWA-016,A,Coaxial,37.23977846,-118.2806593,1182.51,89.39,0.13,YES,YES,0721,0855,OK,OK,18,37,18,7,1807,8,1808,7,1,4,00:00:08:4b:e4:6f,snap04.sas.pvt,0,0,1,2,3,97,FEE installed 10/28/2021,,,
,LWA-028,C,Coaxial,37.23938287,-118.280947,1182.43,63.86,-43.77,YES,YES,0785,0921,OK,OK,21,34,21,11,2111,12,2112,5,1,5,00:00:18:2d:e4:75,snap05.sas.pvt,0,0,1,2,3,129,FEE installed 10/29/2021,,,
,LWA-033,I,Coaxial,37.24060946,-118.2811742,1182.89,43.70,92.36,YES,YES,0795,0888,OK,OK,24,43,24,15,2415,16,2416,6,1,6,02:00:c2:4f:e4:75,snap06.sas.pvt,0,0,1,2,3,161,FEE installed 10/29/2021,,,
,LWA-076,H,Coaxial,37.23986358,-118.2814407,1182.80,20.05,9.58,YES,YES,0183,0119,OK,OK,28,18,28,7,2807,8,2808,8,2,7,00:00:d6:de:e4:75,snap07.sas.pvt,0,0,1,2,3,193,FEE installed 11/01/2021,,,
,LWA-127,B,Coaxial,37.23903889,-118.281623,1182.69,3.88,-81.95,YES,YES,0518,0269,OK,OK,32,20,32,1,3201,2,3202,3,2,8,00:00:b3:f2:e4:75,snap08.sas.pvt,0,0,1,2,3,225,FEE installed on 11/11/2021,,,
,LWA-133,F,Coaxial,37.24046316,-118.2818408,1183.34,-15.45,76.12,YES,YES,123,394,OK,OK,35,29,35,5,3505,6,3506,1,2,9,02:00:ce:ca:e4:6f,snap09.sas.pvt,0,0,1,2,3,257,FEE installed on 11/04/2021,,,
 ,LWA-234,D,Coaxial,37.23984739,-118.2825971,1183.40,-82.56,7.78,YES,YES,0210,1385,OK,OK,38,43,38,11,3811,12,3812,2,2,10,00:00:41:1e:e4:75,snap10.sas.pvt,0,0,1,2,3,289,FEE installed 8/24/2021,,,
,LWA-247,E,Coaxial,37.23939337,-118.2825843,1183.09,-81.42,-42.61,YES,YES,0551,1649,OK,OK,42,47,42,1,4201,2,4202,4,2,11,00:00:b3:fc:e4:6f,snap11.sas.pvt,0,0,1,2,3,321,FEE installed 8/24/2021,,,
,LWA-259,J,Fiber,37.2480995,-118.2842507,1184.91,-229.25,923.62,YES,YES,620,369,,,1,4102,1,1,101,2,102,13,1,1,00:00:4e:e4:ef:75,snap01.sas.pvt,0,0,1,2,3,1,,,,
,LWA-004,G,Coaxial,37.24020102,-118.2809583,1182.80,62.86,47.03,YES,YES,0208,1382,OK,OK,15,40,15,9,1509,10,1510,10,1,3,02:00:a6:4e:e4:6f,snap03.sas.pvt,0,6,7,4,5,66,FEE installed 10/28/2021,,,
,LWA-015,A,Coaxial,37.23978272,-118.2805856,1182.80,95.93,0.60,YES,YES,0548,1567,OK,OK,18,37,18,13,1813,14,1814,7,1,4,00:00:08:4b:e4:6f,snap04.sas.pvt,0,6,7,4,5,98,FEE installed 10/28/2021,,,
,LWA-032,C,Coaxial,37.2391542,-118.2809097,1182.81,67.17,-69.15,YES,YES,0711,0864,OK,OK,22,30,22,1,2201,2,2202,5,1,5,00:00:18:2d:e4:75,snap05.sas.pvt,0,6,7,4,5,130,FEE installed 10/29/2021,,,
,LWA-034,I,Coaxial,37.24043901,-118.2810285,1182.58,56.63,73.44,YES,YES,0783,0914,OK,OK,25,31,25,5,2505,6,2506,6,1,6,02:00:c2:4f:e4:75,snap06.sas.pvt,0,6,7,4,5,162,FEE installed 10/29/2021,,,
,LWA-081,H,Coaxial,37.23969835,-118.2814297,1183.10,21.03,-8.76,YES,YES,0421,0169,OK,OK,28,18,28,13,2813,14,2814,8,2,7,00:00:d6:de:e4:75,snap07.sas.pvt,0,6,7,4,5,194,FEE installed 11/04/2021,,,
,LWA-126,B,Coaxial,37.23911433,-118.2815178,1182.75,13.22,-73.57,YES,YES,0330,0573,OK,OK,32,20,32,7,3207,8,3208,3,2,8,00:00:b3:f2:e4:75,snap08.sas.pvt,0,6,7,4,5,226,FEE installed on 11/04/2021,,,
,LWA-137,F,Coaxial,37.2402568,-118.2818791,1182.80,-18.85,53.22,YES,YES,0442,0210,OK,OK,35,29,35,11,3511,12,3512,1,2,9,02:00:ce:ca:e4:6f,snap09.sas.pvt,0,6,7,4,5,258,FEE installed on 11/04/2021,,,
,LWA-173,D,Coaxial,37.23983203,-118.2820776,1183.16,-36.46,6.08,YES,YES,0506,0582,OK,OK,39,44,39,1,3901,2,3902,2,2,10,00:00:41:1e:e4:75,snap10.sas.pvt,0,6,7,4,5,290,"Cables unequal by 8 meters, FEE installed 9/3/2021",,,
,LWA-180,E,Coaxial,37.23956386,-118.2820611,1182.95,-34.99,-23.68,YES,YES,0328,0220,OK,OK,42,47,42,7,4207,8,4208,4,2,11,00:00:b3:fc:e4:6f,snap11.sas.pvt,0,6,7,4,5,322,FEE installed on 11/03/2021,,,
,LWA-260,K,Fiber,37.24223261,-118.2882984,1183.18,-588.42,272.50,YES,YES,0724,0903,,,5,4101,5,5,505,6,506,12,1,2,02:00:d4:5b:e4:75,snap02.sas.pvt,0,6,7,4,5,34,,,,
,LWA-268,J,Fiber,37.24311944,-118.2850122,1184.67,-296.84,370.92,YES,YES,490,635,,,1,4102,1,7,107,8,108,13,1,1,00:00:4e:e4:ef:75,snap01.sas.pvt,0,6,7,4,5,2,,,,
,LWA-003,G,Coaxial,37.24033358,-118.2808305,1183.28,74.19,61.74,YES,YES,0186,1357,OK,OK,15,40,15,7,1507,8,1508,10,1,3,02:00:a6:4e:e4:6f,snap03.sas.pvt,0,4,5,6,7,67,FEE installed 10/28/2021,,,
,LWA-014,A,Coaxial,37.23982754,-118.280985,1182.75,60.49,5.58,YES,YES,0733,0879,OK,OK,18,37,18,11,1811,12,1812,7,1,4,00:00:08:4b:e4:6f,snap04.sas.pvt,0,4,5,6,7,99,FEE installed 10/28/2021,,,
,LWA-031,C,Coaxial,37.23928152,-118.2809381,1182.45,64.65,-55.02,YES,YES,0729,0924,OK,OK,21,34,21,15,2115,16,2116,5,1,5,00:00:18:2d:e4:75,snap05.sas.pvt,0,4,5,6,7,131,FEE installed 10/29/2021,,,
,LWA-036,I,Coaxial,37.24036176,-118.281272,1182.75,35.02,64.87,YES,YES,0320,0557,OK,OK,25,31,25,3,2503,4,2504,6,1,6,02:00:c2:4f:e4:75,snap06.sas.pvt,0,4,5,6,7,163,FEE installed 11/03/2021,,,
,LWA-079,H,Coaxial,37.2398006,-118.2814668,1183.08,17.74,2.59,YES,YES,0308,0577,OK,OK,28,18,28,11,2811,12,2812,8,2,7,00:00:d6:de:e4:75,snap07.sas.pvt,0,4,5,6,7,195,FEE installed 11/04/2021,,,
,LWA-125,B,Coaxial,37.23912725,-118.2816052,1182.77,5.45,-72.14,YES,YES,0298,0540,OK,OK,32,20,32,5,3205,6,3206,3,2,8,00:00:b3:f2:e4:75,snap08.sas.pvt,0,4,5,6,7,227,FEE installed on 11/04/2021,,,
,LWA-136,F,Coaxial,37.24026023,-118.2818189,1182.68,-13.50,53.60,YES,YES,0433,0671,OK,OK,35,29,35,9,3509,10,3510,1,2,9,02:00:ce:ca:e4:6f,snap09.sas.pvt,0,4,5,6,7,259,FEE installed on 11/04/2021,,,
,LWA-039,,Coaxial,37.24028153,-118.281268,1182.76,35.38,55.96,NO,NO,,,~2M,~5M,,,,,,,0,,,,,,,,,,,,,,,
,LWA-171,D,Coaxial,37.2399239,-118.281947,1182.75,-24.87,16.27,YES,YES,0627,0689,OK,OK,38,43,38,15,3815,16,3816,2,2,10,00:00:41:1e:e4:75,snap10.sas.pvt,0,4,5,6,7,291,FEE installed on 11/03/2021,,,
,LWA-179,E,Coaxial,37.23963069,-118.281992,1183.01,-28.87,-16.27,YES,YES,0329,0235,OK,OK,42,47,42,5,4205,6,4206,4,2,11,00:00:b3:fc:e4:6f,snap11.sas.pvt,0,4,5,6,7,323,FEE installed on 11/03/2021,,,
,LWA-258,K,Fiber,37.24283535,-118.2934476,1179.57,-1045.29,339.39,YES,YES,151,396,,,5,4101,5,3,503,4,504,12,1,2,02:00:d4:5b:e4:75,snap02.sas.pvt,0,4,5,6,7,35,,,,
,LWA-267,J,Fiber,37.24374688,-118.2817717,1184.37,-9.31,440.56,YES,YES,617,366,,,1,4102,1,5,105,6,106,13,1,1,00:00:4e:e4:ef:75,snap01.sas.pvt,0,4,5,6,7,3,,,,
,LWA-006,G,Coaxial,37.24010766,-118.2808695,1182.88,70.74,36.67,YES,YES,0800,0872,OK,OK,15,40,15,13,1513,14,1514,10,1,3,02:00:a6:4e:e4:6f,snap03.sas.pvt,0,10,11,8,9,68,FEE installed 10/28/2021,,,
,LWA-018,A,Coaxial,37.23971259,-118.2806302,1182.59,91.97,-7.18,YES,YES,0791,0930,OK,OK,19,35,19,1,1901,2,1902,7,1,4,00:00:08:4b:e4:6f,snap04.sas.pvt,0,10,11,8,9,100,FEE installed 10/29/2021,,,
,LWA-063,C,Coaxial,37.23897771,-118.2811979,1182.59,41.60,-88.74,YES,YES,0404,0202,OK,OK,22,30,22,5,2205,6,2206,5,1,5,00:00:18:2d:e4:75,snap05.sas.pvt,0,10,11,8,9,132,FEE installed 11/01/2021,,,
,LWA-066,I,Coaxial,37.24058129,-118.2813176,1182.77,30.98,89.23,YES,YES,0130,0174,OK,OK,25,31,25,9,2509,10,2510,6,1,6,02:00:c2:4f:e4:75,snap06.sas.pvt,0,10,11,8,9,164,FEE installed 11/03/2021,,,
,LWA-108,H,Coaxial,37.23993209,-118.2815542,1182.77,9.98,17.18,YES,YES,0459,0199,OK,OK,29,24,29,1,2901,2,2902,8,2,7,00:00:d6:de:e4:75,snap07.sas.pvt,0,10,11,8,9,196,FEE installed on 11/04/2021,,,
,LWA-140,F,Coaxial,37.24008681,-118.2817915,1182.57,-11.08,34.35,YES,YES,0474,0250,OK,OK,35,29,35,15,3515,16,3516,1,2,9,02:00:ce:ca:e4:6f,snap09.sas.pvt,0,10,11,8,9,260,FEE installed on 11/04/2021,,,
,LWA-169,D,Coaxial,37.24001906,-118.2819971,1183.06,-29.32,26.83,YES,YES,0105,0357,OK,OK,39,44,39,5,3905,6,3906,2,2,10,00:00:41:1e:e4:75,snap10.sas.pvt,0,10,11,8,9,292,FEE installed 6/2022,,,
,LWA-183,E,Coaxial,37.2394042,-118.2820249,1182.92,-31.79,-41.40,YES,YES,0318,0555,OK,OK,42,47,42,11,4211,12,4212,4,2,11,00:00:b3:fc:e4:6f,snap11.sas.pvt,0,10,11,8,9,324,FEE installed on 11/03/2021,,,
,LWA-188,B,Coaxial,37.23913259,-118.2818888,1182.70,-19.71,-71.55,YES,YES,0514,0260,OK,OK,32,20,32,11,3211,12,3212,3,2,8,00:00:b3:f2:e4:75,snap08.sas.pvt,0,10,11,8,9,228,FEE installed on 11/04/2021,,,
,LWA-265,K,Fiber,37.23930622,-118.2852944,1182.75,-321.89,-52.28,YES,YES,0501,0257,,,5,4101,5,9,509,10,510,12,1,2,02:00:d4:5b:e4:75,snap02.sas.pvt,0,10,11,8,9,36,,,,
,LWA-271,J,Fiber,37.24699479,-118.2854428,1184.64,-335.02,801.02,YES,YES,322,559,,,1,4102,1,11,111,12,112,13,1,1,00:00:4e:e4:ef:75,snap01.sas.pvt,0,10,11,8,9,4,,,,
,LWA-005,G,Coaxial,37.24016027,-118.2807211,1183.14,83.91,42.51,YES,YES,0314,0569,OK,OK,15,40,15,11,1511,12,1512,10,1,3,02:00:a6:4e:e4:6f,snap03.sas.pvt,0,8,9,10,11,69,FEE installed 11/03/2021,,,
,LWA-017,A,Coaxial,37.23972113,-118.2808338,1182.52,73.90,-6.23,YES,YES,0631,0368,OK,OK,18,37,18,15,1815,16,1816,7,1,4,00:00:08:4b:e4:6f,snap04.sas.pvt,0,8,9,10,11,101,FEE installed 11/08/2021,,,
,LWA-060,C,Coaxial,37.23922219,-118.2810893,1182.42,51.23,-61.60,YES,YES,0473,0255,OK,OK,22,30,22,3,2203,4,2204,5,1,5,00:00:18:2d:e4:75,snap05.sas.pvt,0,8,9,10,11,133,FEE installed 11/03/2021,,,
,LWA-065,I,Coaxial,37.2406678,-118.2813532,1182.95,27.82,98.83,YES,YES,0137,0189,OK,OK,25,31,25,7,2507,8,2508,6,1,6,02:00:c2:4f:e4:75,snap06.sas.pvt,0,8,9,10,11,165,FEE installed 11/02/2021,,,
,LWA-107,H,Coaxial,37.24002833,-118.2815436,1182.63,10.92,27.86,YES,YES,0401,0216,OK,OK,28,18,28,15,2815,16,2816,8,2,7,00:00:d6:de:e4:75,snap07.sas.pvt,0,8,9,10,11,197,FEE installed on 11/04/2021,,,
,LWA-128,B,Coaxial,37.23890873,-118.2816578,1182.67,0.79,-96.39,YES,YES,0505,0640,OK,OK,32,20,32,9,3209,10,3210,3,2,8,00:00:b3:f2:e4:75,snap08.sas.pvt,0,8,9,10,11,229,FEE installed on 11/04/2021,,,
,LWA-138,F,Coaxial,37.24014522,-118.2817778,1182.55,-9.86,40.84,YES,YES,0510,0275,OK,OK,35,29,35,13,3513,14,3514,1,2,9,02:00:ce:ca:e4:6f,snap09.sas.pvt,0,8,9,10,11,261,FEE installed on 11/04/2021,,,
,LWA-175,D,Coaxial,37.23980711,-118.2820139,1182.95,-30.81,3.31,YES,YES,0502,0277,OK,OK,39,44,39,3,3903,4,3904,2,2,10,00:00:41:1e:e4:75,snap10.sas.pvt,0,8,9,10,11,293,FEE installed on 11/03/2021,,,
,LWA-176,E,Coaxial,37.23973347,-118.281979,1182.87,-27.71,-4.86,YES,YES,0431,0649,OK,OK,42,47,42,9,4209,10,4210,4,2,11,00:00:b3:fc:e4:6f,snap11.sas.pvt,0,8,9,10,11,325,FEE installed 6/2022,,,
,LWA-263,K,Fiber,37.23617701,-118.2848647,1182.09,-283.78,-399.57,YES,YES,162,687,,,5,4101,5,7,507,8,508,12,1,2,02:00:d4:5b:e4:75,snap02.sas.pvt,0,8,9,10,11,37,,,,
,LWA-269,J,Fiber,37.24480176,-118.2801158,1183.77,137.60,557.63,YES,YES,131,648,,,1,4102,1,9,109,10,110,13,1,1,00:00:4e:e4:ef:75,snap01.sas.pvt,0,8,9,10,11,5,,,,
,LWA-009,G,Coaxial,37.23999323,-118.280877,1182.63,70.07,23.97,YES,YES,0191,0317,OK,OK,16,39,16,1,1601,2,1602,10,1,3,02:00:a6:4e:e4:6f,snap03.sas.pvt,0,14,15,12,13,70,FEE installed 10/28/2021,,,
,LWA-020,A,Coaxial,37.23962929,-118.2807869,1182.64,78.06,-16.42,YES,YES,0206,1383,OK,OK,19,35,19,5,1905,6,1906,7,1,4,00:00:08:4b:e4:6f,snap04.sas.pvt,0,14,15,12,13,102,FEE installed 10/29/2021,,,
,LWA-057,C,Coaxial,37.23938938,-118.2811745,1182.35,43.67,-43.05,YES,YES,0471,0247,OK,OK,22,30,22,9,2209,10,2210,5,1,5,00:00:18:2d:e4:75,snap05.sas.pvt,0,14,15,12,13,134,FEE installed 11/03/2021,,,
,LWA-068,I,Coaxial,37.24046833,-118.2813322,1182.69,29.68,76.70,YES,YES,0337,0566,OK,OK,25,31,25,13,2513,14,2514,6,1,6,02:00:c2:4f:e4:75,snap06.sas.pvt,0,14,15,12,13,166,FEE installed 11/03/2021,,,
,LWA-110,H,Coaxial,37.23988883,-118.2816766,1182.86,-0.88,12.38,YES,YES,0619,0367,OK,OK,29,24,29,5,2905,6,2906,8,2,7,00:00:d6:de:e4:75,snap07.sas.pvt,0,14,15,12,13,198,FEE installed on 11/04/2021,,,
,LWA-153,B,Coaxial,37.23945389,-118.281772,1182.76,-9.34,-35.89,YES,YES,0109,0352,OK,OK,32,20,32,15,3215,16,3216,3,2,8,00:00:b3:f2:e4:75,snap08.sas.pvt,0,14,15,12,13,230,FEE installed on 11/03/2021,,,
,LWA-161,F,Coaxial,37.24068092,-118.2820633,1182.88,-35.19,100.29,YES,YES,0414,0161,OK,OK,36,41,36,3,3603,4,3604,1,2,9,02:00:ce:ca:e4:6f,snap09.sas.pvt,0,14,15,12,13,262,FEE installed on 11/04/2021,,,
,LWA-204,D,Coaxial,37.24002796,-118.2822074,1183.36,-47.98,27.82,YES,YES,0104,0358,OK,OK,39,44,39,9,3909,10,3910,2,2,10,00:00:41:1e:e4:75,snap10.sas.pvt,0,14,15,12,13,294,FEE installed on 11/04/2021,,,
,LWA-212,E,Coaxial,37.23961135,-118.2821331,1183.10,-41.39,-18.41,YES,YES,0121,0340,OK,OK,42,47,42,15,4215,16,4216,4,2,11,00:00:b3:fc:e4:6f,snap11.sas.pvt,0,14,15,12,13,326,FEE installed on 11/04/2021,,,
,LWA-272,K,Fiber,37.24350098,-118.2912211,1182.29,-847.73,413.27,YES,YES,439,190,,,5,4101,5,13,513,14,514,12,1,2,02:00:d4:5b:e4:75,snap02.sas.pvt,0,14,15,12,13,38,,,,
,LWA-276,J,Fiber,37.24492776,-118.2877484,1184.64,-539.60,571.62,YES,YES,616,690,,,1,4102,1,15,115,16,116,13,1,1,00:00:4e:e4:ef:75,snap01.sas.pvt,0,14,15,12,13,6,,,,
,LWA-007,G,Coaxial,37.24010083,-118.2806376,1183.13,91.31,35.91,YES,YES,0265,1363,OK,OK,15,40,15,15,1515,16,1516,10,1,3,02:00:a6:4e:e4:6f,snap03.sas.pvt,0,12,13,14,15,71,FEE installed 10/28/2021,,,
,LWA-019,A,Coaxial,37.23964627,-118.2809285,1182.55,65.50,-14.54,YES,YES,0218,1376,OK,OK,19,35,19,3,1903,4,1904,7,1,4,00:00:08:4b:e4:6f,snap04.sas.pvt,0,12,13,14,15,103,FEE installed 10/29/2021,,,
,LWA-056,C,Coaxial,37.23946541,-118.2812349,1182.50,38.32,-34.61,YES,YES,0584,0188,OK,OK,22,30,22,7,2207,8,2208,5,1,5,00:00:18:2d:e4:75,snap05.sas.pvt,0,12,13,14,15,135,FEE installed 11/01/2021,,,
,LWA-067,I,Coaxial,37.24052694,-118.2814021,1182.72,23.48,83.20,YES,YES,0184,0120,OK,OK,25,31,25,11,2511,12,2512,6,1,6,02:00:c2:4f:e4:75,snap06.sas.pvt,0,12,13,14,15,167,FEE installed 11/01/2021,,,
,LWA-109,H,Coaxial,37.23991832,-118.2816345,1182.81,2.86,15.65,YES,YES,0116,0345,OK,OK,29,24,29,3,2903,4,2904,8,2,7,00:00:d6:de:e4:75,snap07.sas.pvt,0,12,13,14,15,199,FEE installed on 11/04/2021,,,
,LWA-141,F,Coaxial,37.24005821,-118.2818697,1182.65,-18.01,31.18,YES,YES,0476,0236,OK,OK,36,41,36,1,3601,2,3602,1,2,9,02:00:ce:ca:e4:6f,snap09.sas.pvt,0,12,13,14,15,263,FEE installed on 11/04/2021,,,
,LWA-083,,Coaxial,37.23960887,-118.281319,1182.93,30.85,-18.69,NO,NO,,,OK,OK,,,,,0,,0,,,,,,,,,,,,,,,
,LWA-181,B,Coaxial,37.23954294,-118.2819131,1182.92,-21.86,-26.01,YES,YES,0492,0644,OK,OK,32,20,32,13,3213,14,3214,3,2,8,00:00:b3:f2:e4:75,snap08.sas.pvt,0,12,13,14,15,231,FEE installed on 11/03/2021,,,
,LWA-203,D,Coaxial,37.24008471,-118.282378,1183.44,-63.11,34.12,YES,YES,0531,0657,OK,OK,39,44,39,7,3907,8,3908,2,2,10,00:00:41:1e:e4:75,snap10.sas.pvt,0,12,13,14,15,295,"Cables unequal by 5 meters, FEE installed 9/3/2021",,,
,LWA-211,E,Coaxial,37.23966566,-118.282201,1183.09,-47.41,-12.39,YES,YES,0621,0173,OK,OK,42,47,42,13,4213,14,4214,4,2,11,00:00:b3:fc:e4:6f,snap11.sas.pvt,0,12,13,14,15,327,FEE installed on 11/04/2021,,,
,LWA-270,K,Fiber,37.23919999,-118.2892819,1181.00,-675.71,-64.07,YES,YES,138,668,,,5,4101,5,11,511,12,512,12,1,2,02:00:d4:5b:e4:75,snap02.sas.pvt,0,12,13,14,15,39,,,,
,LWA-088,,Coaxial,37.23937961,-118.2813432,1182.26,28.70,-44.13,NO,NO,,,OK,BREAK,,,,,0,,0,,,,,,,,,,,,,,,
,LWA-273,J,Fiber,37.24496879,-118.2891249,1184.59,-661.73,576.17,YES,YES,316,567,,,1,4102,1,13,113,14,114,13,1,1,00:00:4e:e4:ef:75,snap01.sas.pvt,0,12,13,14,15,7,,,,
,LWA-011,G,Coaxial,37.23995095,-118.2807545,1182.69,80.94,19.28,YES,YES,0731,0865,OK,OK,16,39,16,5,1605,6,1606,10,1,3,02:00:a6:4e:e4:6f,snap03.sas.pvt,0,18,19,16,17,72,FEE installed 10/28/2021,,,
,LWA-022,A,Coaxial,37.23957157,-118.2809067,1182.51,67.44,-22.83,YES,YES,0254,1348,OK,OK,19,35,19,9,1909,10,1910,7,1,4,00:00:08:4b:e4:6f,snap04.sas.pvt,0,18,19,16,17,104,FEE installed 10/29/2021,,,
,LWA-059,C,Coaxial,37.23926943,-118.2811794,1182.35,43.24,-56.36,YES,YES,0509,0274,OK,OK,22,30,22,13,2213,14,2214,5,1,5,00:00:18:2d:e4:75,snap05.sas.pvt,0,18,19,16,17,136,FEE installed 11/01/2021,,,
,LWA-070,I,Coaxial,37.24026403,-118.2814812,1182.68,16.46,54.02,YES,YES,0103,0359,OK,OK,26,17,26,1,2601,2,2602,6,1,6,02:00:c2:4f:e4:75,snap06.sas.pvt,0,18,19,16,17,168,FEE installed 11/03/2021,,,
,LWA-112,H,Coaxial,37.23979248,-118.2816001,1183.07,5.91,1.69,YES,YES,0497,0276,OK,OK,29,24,29,9,2909,10,2910,8,2,7,00:00:d6:de:e4:75,snap07.sas.pvt,0,18,19,16,17,200,FEE installed on 11/04/2021,,,
,LWA-155,B,Coaxial,37.23935653,-118.2817072,1182.84,-3.59,-46.69,YES,YES,0122,0355,OK,OK,33,25,33,3,3303,4,3304,3,2,8,00:00:b3:f2:e4:75,snap08.sas.pvt,0,18,19,16,17,232,FEE installed on 11/03/2021,,,
,LWA-163,F,Coaxial,37.24045172,-118.2820765,1183.54,-36.36,74.85,YES,YES,0472,0252,OK,OK,36,41,36,7,3607,8,3608,1,2,9,02:00:ce:ca:e4:6f,snap09.sas.pvt,0,18,19,16,17,264,FEE installed on 12/01/2021,,,
,LWA-206,D,Coaxial,37.23992045,-118.2822066,1183.27,-47.91,15.89,YES,YES,0326,0223,OK,OK,39,44,39,13,3913,14,3914,2,2,10,00:00:41:1e:e4:75,snap10.sas.pvt,0,18,19,16,17,296,FEE installed on 11/04/2021,,,
,LWA-214,E,Coaxial,37.23955709,-118.2822493,1182.99,-51.69,-24.44,YES,YES,0529,0656,OK,OK,43,48,43,3,4303,4,4304,4,2,11,00:00:b3:fc:e4:6f,snap11.sas.pvt,0,18,19,16,17,328,FEE installed 5/25/2021,,,
,LWA-278,J,Fiber,37.24595285,-118.2836179,1184.13,-173.12,685.38,YES,YES,483,242,,,2,4107,2,3,203,4,204,13,1,1,00:00:4e:e4:ef:75,snap01.sas.pvt,0,18,19,16,17,8,,,,
,LWA-283,K,Fiber,37.23794955,-118.2905654,1179.59,-789.61,-202.85,YES,YES,321,558,,,6,4098,6,1,601,2,602,12,1,2,02:00:d4:5b:e4:75,snap02.sas.pvt,0,18,19,16,17,40,,,,
,LWA-010,G,Coaxial,37.23997246,-118.2809784,1182.63,61.07,21.66,YES,YES,0515,0565,OK,OK,16,39,16,3,1603,4,1604,10,1,3,02:00:a6:4e:e4:6f,snap03.sas.pvt,0,16,17,18,19,73,"Cables unequal by 5 meters, FEE installed 9/3/2021",,,
,LWA-021,A,Coaxial,37.23959372,-118.2805229,1183.28,101.49,-20.37,YES,YES,0779,0871,OK,OK,19,35,19,7,1907,8,1908,7,1,4,00:00:08:4b:e4:6f,snap04.sas.pvt,0,16,17,18,19,105,FEE installed 10/29/2021,,,
,LWA-058,C,Coaxial,37.23934014,-118.2810636,1182.29,53.52,-48.51,YES,YES,0136,0679,OK,OK,22,30,22,11,2211,12,2212,5,1,5,00:00:18:2d:e4:75,snap05.sas.pvt,0,16,17,18,19,137,FEE installed 11/01/2021,,,
,LWA-069,I,Coaxial,37.24037835,-118.2813634,1182.80,26.91,66.71,YES,YES,0465,0239,OK,OK,25,31,25,15,2515,16,2516,6,1,6,02:00:c2:4f:e4:75,snap06.sas.pvt,0,16,17,18,19,169,FEE installed 11/03/2021,,,
,LWA-111,H,Coaxial,37.23988712,-118.2815404,1182.89,11.20,12.19,YES,YES,0623,0694,OK,OK,29,24,29,7,2907,8,2908,8,2,7,00:00:d6:de:e4:75,snap07.sas.pvt,0,16,17,18,19,201,FEE installed on 11/04/2021,,,
,LWA-106,,Coaxial,37.24010416,-118.2816042,1182.54,5.54,36.28,NO,NO,,,BREAK,OK,,,,,0,,0,,,,,,,,,,,,,,,
,LWA-154,B,Coaxial,37.239378,-118.2817588,1182.88,-8.18,-44.31,YES,YES,0110,0351,OK,OK,33,25,33,1,3301,2,3302,3,2,8,00:00:b3:f2:e4:75,snap08.sas.pvt,0,16,17,18,19,233,FEE installed on 11/03/2021,,,
,LWA-162,F,Coaxial,37.24051926,-118.2819143,1183.55,-21.97,82.35,YES,YES,0415,0165,OK,OK,36,41,36,5,3605,6,3606,1,2,9,02:00:ce:ca:e4:6f,snap09.sas.pvt,0,16,17,18,19,265,FEE installed on 11/04/2021,,,
,LWA-205,D,Coaxial,37.23995846,-118.2823332,1183.43,-59.14,20.11,YES,YES,0106,0641,OK,OK,39,44,39,11,3911,12,3912,2,2,10,00:00:41:1e:e4:75,snap10.sas.pvt,0,16,17,18,19,297,FEE installed on 11/04/2021,,,
,LWA-213,E,Coaxial,37.23960112,-118.2823262,1182.98,-58.51,-19.55,YES,YES,0268,0341,OK,OK,43,48,43,1,4301,2,4302,4,2,11,00:00:b3:fc:e4:6f,snap11.sas.pvt,0,16,17,18,19,329,FEE installed 5/25/2021,,,
,LWA-277,J,Fiber,37.24560389,-118.280272,1184.30,123.74,646.65,YES,YES,169,386,,,2,4107,2,1,201,2,202,13,1,1,00:00:4e:e4:ef:75,snap01.sas.pvt,0,16,17,18,19,9,,,,
,LWA-280,K,Fiber,37.24003212,-118.2904463,1179.97,-779.02,28.28,YES,YES,444,211,,,5,4101,5,15,515,16,516,12,1,2,02:00:d4:5b:e4:75,snap02.sas.pvt,0,16,17,18,19,41,,,,
,LWA-012,G,Coaxial,37.23989205,-118.2807628,1182.64,80.20,12.74,YES,YES,1475,0586,OK,OK,16,39,16,9,1609,10,1610,10,1,3,02:00:a6:4e:e4:6f,snap03.sas.pvt,0,22,23,20,21,74,FEE installed 9/3/2021,,,
,LWA-024,A,Coaxial,37.23952049,-118.280963,1182.47,62.44,-28.50,YES,YES,0790,0910,OK,OK,19,35,19,13,1913,14,1914,7,1,4,00:00:08:4b:e4:6f,snap04.sas.pvt,0,22,23,20,21,106,FEE installed 10/29/2021,,,
,LWA-062,C,Coaxial,37.2391213,-118.281032,1182.48,56.32,-72.80,YES,YES,0144,0676,OK,OK,23,32,23,1,2301,2,2302,5,1,5,00:00:18:2d:e4:75,snap05.sas.pvt,0,22,23,20,21,138,FEE installed 11/01/2021,,,
,LWA-097,I,Coaxial,37.24068647,-118.2815533,1182.89,10.06,100.91,YES,YES,0119,1341,OK,OK,26,17,26,5,2605,6,2606,6,1,6,02:00:c2:4f:e4:75,snap06.sas.pvt,0,22,23,20,21,170,FEE installed on 11/04/2021,,,
,LWA-114,H,Coaxial,37.23972758,-118.2816148,1183.22,4.60,-5.51,YES,YES,0614,0364,OK,OK,29,24,29,13,2913,14,2914,8,2,7,00:00:d6:de:e4:75,snap07.sas.pvt,0,22,23,20,21,202,FEE installed on 11/04/2021,,,
,LWA-157,B,Coaxial,37.23926781,-118.2817602,1182.90,-8.30,-56.54,YES,YES,0625,0688,OK,OK,33,25,33,7,3307,8,3308,3,2,8,00:00:b3:f2:e4:75,snap08.sas.pvt,0,22,23,20,21,234,FEE installed on 11/03/2021,,,
,LWA-119,,Coaxial,37.23959808,-118.2815257,1182.99,12.51,-19.89,NO,NO,,,~3M,BREAK,,,,,,,0,,,,,,,,,,,,Cables unequal by 5 meters,,,
,LWA-165,F,Coaxial,37.24025318,-118.2820573,1183.14,-34.66,52.82,YES,YES,0635,0675,OK,OK,36,41,36,11,3611,12,3612,1,2,9,02:00:ce:ca:e4:6f,snap09.sas.pvt,0,22,23,20,21,266,FEE installed on 11/04/2021,,,
,LWA-208,D,Coaxial,37.23984916,-118.2822209,1183.39,-49.18,7.98,YES,YES,0460,0225,OK,OK,40,38,40,1,4001,2,4002,2,2,10,00:00:41:1e:e4:75,snap10.sas.pvt,0,22,23,20,21,298,FEE installed on 11/04/2021,,,
,LWA-243,E,Coaxial,37.23957761,-118.2826224,1183.41,-84.80,-22.16,YES,YES,1181,0336,OK,OK,43,48,43,7,4307,8,4308,4,2,11,00:00:b3:fc:e4:6f,snap11.sas.pvt,0,22,23,20,21,330,FEE installed 8/24/2021,,,
,LWA-123,,Coaxial,37.23936271,-118.2816232,1182.65,3.86,-46.01,NO,NO,,,OK,BREAK,,,,,,,0,,,,,,,,,,,,,,,
,LWA-282,J,Fiber,37.24424704,-118.2834497,1184.48,-158.20,496.07,YES,YES,503,271,,,2,4107,2,7,207,8,208,13,1,1,00:00:4e:e4:ef:75,snap01.sas.pvt,0,22,23,20,21,10,,,,
,LWA-288,K,Fiber,37.24319645,-118.2903236,1181.63,-768.10,379.47,YES,YES,447,194,,,6,4098,6,5,605,6,606,12,1,2,02:00:d4:5b:e4:75,snap02.sas.pvt,0,22,23,20,21,42,,,,
,LWA-008,G,Coaxial,37.24005932,-118.2808639,1182.76,71.23,31.30,YES,YES,0241,1378,OK,OK,16,39,16,7,1607,8,1608,10,1,3,02:00:a6:4e:e4:6f,snap03.sas.pvt,0,20,21,22,23,75,FEE installed 10/28/2021,,,
,LWA-023,A,Coaxial,37.2395341,-118.2806968,1182.84,86.06,-26.99,YES,YES,0520,1554,OK,OK,19,35,19,11,1911,12,1912,7,1,4,00:00:08:4b:e4:6f,snap04.sas.pvt,0,20,21,22,23,107,FEE installed 10/29/2021,,,
,LWA-061,C,Coaxial,37.23919188,-118.281253,1182.49,36.71,-64.97,YES,YES,0438,0209,OK,OK,22,30,22,15,2215,16,2216,5,1,5,00:00:18:2d:e4:75,snap05.sas.pvt,0,20,21,22,23,139,FEE installed 11/01/2021,,,
,LWA-072,I,Coaxial,37.24005545,-118.2814775,1182.49,16.79,30.87,YES,YES,0630,0365,OK,OK,26,17,26,3,2603,4,2604,6,1,6,02:00:c2:4f:e4:75,snap06.sas.pvt,0,20,21,22,23,171,FEE installed 11/03/2021,,,
,LWA-113,H,Coaxial,37.23975101,-118.2816636,1183.13,0.27,-2.91,YES,YES,0317,0553,OK,OK,29,24,29,11,2911,12,2912,8,2,7,00:00:d6:de:e4:75,snap07.sas.pvt,0,20,21,22,23,203,FEE installed on 11/04/2021,,,
,LWA-156,B,Coaxial,37.23930994,-118.2817814,1182.98,-10.17,-51.87,YES,YES,0313,0550,OK,OK,33,25,33,5,3305,6,3306,3,2,8,00:00:b3:f2:e4:75,snap08.sas.pvt,0,20,21,22,23,235,FEE installed on 11/03/2021,,,
,LWA-164,F,Coaxial,37.24036689,-118.2818905,1183.13,-19.85,65.44,YES,YES,0112,0349,OK,OK,36,41,36,9,3609,10,3610,1,2,9,02:00:ce:ca:e4:6f,snap09.sas.pvt,0,20,21,22,23,267,FEE installed on 11/04/2021,,,
,LWA-207,D,Coaxial,37.23988544,-118.2821112,1183.16,-39.44,12.01,YES,YES,0480,0233,OK,OK,39,44,39,15,3915,16,3916,2,2,10,00:00:41:1e:e4:75,snap10.sas.pvt,0,20,21,22,23,299,FEE installed on 11/04/2021,,,
,LWA-215,E,Coaxial,37.23955076,-118.2821142,1183.07,-39.70,-25.14,YES,YES,0272,0339,OK,OK,43,48,43,5,4305,6,4306,4,2,11,00:00:b3:fc:e4:6f,snap11.sas.pvt,0,20,21,22,23,331,FEE installed 5/25/2021,,,
,LWA-281,J,Fiber,37.24212013,-118.2846729,1184.03,-266.74,260.02,YES,YES,480,233,,,2,4107,2,5,205,6,206,13,1,1,00:00:4e:e4:ef:75,snap01.sas.pvt,0,20,21,22,23,11,,,,
,LWA-284,K,Fiber,37.24087344,-118.2864594,1183.69,-425.26,121.66,YES,YES,411,175,,,6,4098,6,3,603,4,604,12,1,2,02:00:d4:5b:e4:75,snap02.sas.pvt,0,20,21,22,23,43,,,,
,LWA-026,A,Coaxial,37.23946176,-118.2808817,1182.39,69.66,-35.02,YES,YES,0780,0870,OK,OK,20,33,20,1,2001,2,2002,7,1,4,00:00:08:4b:e4:6f,snap04.sas.pvt,0,26,27,24,25,108,FEE installed 10/29/2021,,,
,LWA-040,G,Coaxial,37.24023767,-118.2811357,1182.67,47.11,51.10,YES,YES,0793,0931,OK,OK,16,39,16,13,1613,14,1614,10,1,3,02:00:a6:4e:e4:6f,snap03.sas.pvt,0,26,27,24,25,76,FEE installed 10/29/2021,,,
,LWA-085,C,Coaxial,37.23950626,-118.2813982,1182.77,23.83,-30.08,YES,YES,0243 ,1374,OK,OK,23,32,23,5,2305,6,2306,5,1,5,00:00:18:2d:e4:75,snap05.sas.pvt,0,26,27,24,25,140,FEE installed 11/04/2021,,,
,LWA-099,I,Coaxial,37.24038456,-118.2815392,1182.99,11.32,67.40,YES,YES,0633,0674,OK,OK,26,17,26,9,2609,10,2610,6,1,6,02:00:c2:4f:e4:75,snap06.sas.pvt,0,26,27,24,25,172,FEE installed on 11/04/2021,,,
,LWA-116,H,Coaxial,37.23967521,-118.2816207,1183.17,4.08,-11.33,YES,YES,0595,0669,OK,OK,30,22,30,1,3001,2,3002,8,2,7,00:00:d6:de:e4:75,snap07.sas.pvt,0,26,27,24,25,204,FEE installed on 11/04/2021,,,
,LWA-159,B,Coaxial,37.23899838,-118.2817955,1182.58,-11.43,-86.44,YES,YES,0512,0263,OK,OK,33,25,33,11,3311,12,3312,3,2,8,00:00:b3:f2:e4:75,snap08.sas.pvt,0,26,27,24,25,236,FEE installed on 11/03/2021,,,
,LWA-167,F,Coaxial,37.240093,-118.2819933,1183.11,-28.98,35.04,YES,YES,0359,0682,OK,OK,36,41,36,15,3615,16,3616,1,2,9,02:00:ce:ca:e4:6f,snap09.sas.pvt,0,26,27,24,25,268,FEE installed on 11/04/2021,,,
,LWA-210,D,Coaxial,37.23975638,-118.2821837,1183.30,-45.88,-2.32,YES,YES,0624,0695,OK,OK,40,38,40,5,4005,6,4006,2,2,10,00:00:41:1e:e4:75,snap10.sas.pvt,0,26,27,24,25,300,FEE installed on 11/04/2021,,,
,LWA-218,E,Coaxial,37.23939859,-118.2821063,1182.92,-39.00,-42.03,YES,YES,0541,0645,OK,OK,43,48,43,11,4311,12,4312,4,2,11,00:00:b3:fc:e4:6f,snap11.sas.pvt,0,26,27,24,25,332,FEE installed 5/25/2021,,,
,LWA-146,,Coaxial,37.23982742,-118.2817753,1182.78,-9.64,5.57,NO,NO,,,~10M,BREAK,,,,,0,,0,,,,,,,,,,,,,,,
,LWA-292,K,Fiber,37.24074696,-118.291969,1179.14,-914.12,107.62,YES,YES,297,541,,,6,4098,6,9,609,10,610,12,1,2,02:00:d4:5b:e4:75,snap02.sas.pvt,0,26,27,24,25,44,,,,
,LWA-307,J,Fiber,37.24436111,-118.284472,1184.17,-248.90,508.73,YES,YES,402,217,,,2,4107,2,11,211,12,212,13,1,1,00:00:4e:e4:ef:75,snap01.sas.pvt,0,26,27,24,25,12,,,,
,LWA-025,A,Coaxial,37.23948929,-118.2806198,1182.96,92.89,-31.96,YES,YES,0259,1365,OK,OK,19,35,19,15,1915,16,1916,7,1,4,00:00:08:4b:e4:6f,snap04.sas.pvt,0,24,25,26,27,109,FEE installed 10/29/2021,,,
,LWA-038,G,Coaxial,37.2402905,-118.2810415,1182.42,55.48,56.96,YES,YES,0222,1345,OK,OK,16,39,16,11,1611,12,1612,10,1,3,02:00:a6:4e:e4:6f,snap03.sas.pvt,0,24,25,26,27,77,FEE installed 10/29/2021,,,
,LWA-064,C,Coaxial,37.23897382,-118.2811417,1182.58,46.59,-89.17,YES,YES,0120,0390,OK,OK,23,32,23,3,2303,4,2304,5,1,5,00:00:18:2d:e4:75,snap05.sas.pvt,0,24,25,26,27,141,FEE installed 11/02/2021,,,
,LWA-152,,Coaxial,37.23951195,-118.2818243,1182.72,-13.98,-29.45,NO,NO,,,BREAK,OK,,,,,,,,,,,,,,,,,,,,,,
,LWA-098,I,Coaxial,37.24047376,-118.2815501,1183.12,10.35,77.30,YES,YES,0457,0197,OK,OK,26,17,26,7,2607,8,2608,6,1,6,02:00:c2:4f:e4:75,snap06.sas.pvt,0,24,25,26,27,173,FEE installed on 11/04/2021,,,
,LWA-115,H,Coaxial,37.23970227,-118.2816751,1183.15,-0.74,-8.32,YES,YES,0600,0653,OK,OK,29,24,29,15,2915,16,2916,8,2,7,00:00:d6:de:e4:75,snap07.sas.pvt,0,24,25,26,27,205,FEE installed on 11/04/2021,,,
,LWA-158,B,Coaxial,37.23905325,-118.2817099,1182.59,-3.83,-80.35,YES,YES,0478,0237,OK,OK,33,25,33,9,3309,10,3310,3,2,8,00:00:b3:f2:e4:75,snap08.sas.pvt,0,24,25,26,27,237,FEE installed on 11/03/2021,,,
,LWA-166,F,Coaxial,37.24016971,-118.2818941,1182.79,-20.18,43.55,YES,YES,0606,0647,OK,OK,36,41,36,13,3613,14,3614,1,2,9,02:00:ce:ca:e4:6f,snap09.sas.pvt,0,24,25,26,27,269,FEE installed on 11/04/2021,,,
,LWA-209,D,Coaxial,37.23980315,-118.2822226,1183.36,-49.33,2.87,YES,YES,0596,0666,OK,OK,40,38,40,3,4003,4,4004,2,2,10,00:00:41:1e:e4:75,snap10.sas.pvt,0,24,25,26,27,301,FEE installed on 11/04/2021,,,
,LWA-217,E,Coaxial,37.23942601,-118.2822256,1182.81,-49.60,-38.98,YES,YES,0197,0397,OK,OK,43,48,43,9,4309,10,4310,4,2,11,00:00:b3:fc:e4:6f,snap11.sas.pvt,0,24,25,26,27,333,FEE installed 5/25/2021,,,
,LWA-285,J,Fiber,37.24457919,-118.2862118,1184.07,-403.26,532.93,YES,YES,310,564,,,2,4107,2,9,209,10,210,13,1,1,00:00:4e:e4:ef:75,snap01.sas.pvt,0,24,25,26,27,13,,,,
,LWA-291,K,Fiber,37.24198723,-118.2931939,1179.19,-1022.79,245.27,YES,YES,628,691,,,6,4098,6,7,607,8,608,12,1,2,02:00:d4:5b:e4:75,snap02.sas.pvt,0,24,25,26,27,45,,,,
,LWA-029,A,Coaxial,37.23933221,-118.2805658,1182.41,97.69,-49.39,YES,YES,0812,0926,OK,OK,20,33,20,5,2005,6,2006,7,1,4,00:00:08:4b:e4:6f,snap04.sas.pvt,0,30,31,28,29,110,FEE installed 10/29/2021,,,
,LWA-042,G,Coaxial,37.24012608,-118.2810822,1182.68,51.86,38.71,YES,YES,0271,1367,OK,OK,17,23,17,1,1701,2,1702,10,1,3,02:00:a6:4e:e4:6f,snap03.sas.pvt,0,30,31,28,29,78,FEE installed 10/29/2021,,,
,LWA-087,C,Coaxial,37.23943585,-118.2814539,1182.45,18.88,-37.89,YES,YES,0168,0387,OK,OK,23,32,23,9,2309,10,2310,5,1,5,00:00:18:2d:e4:75,snap05.sas.pvt,0,30,31,28,29,142,FEE installed 6/2022,,,
,LWA-101,I,Coaxial,37.24023827,-118.2815469,1182.51,10.63,51.16,YES,YES,0133,0187,OK,OK,26,17,26,13,2613,14,2614,6,1,6,02:00:c2:4f:e4:75,snap06.sas.pvt,0,30,31,28,29,174,FEE installed on 11/04/2021,,,
,LWA-118,H,Coaxial,37.23960562,-118.2816027,1182.92,5.68,-19.05,YES,YES,0615,0361,OK,OK,30,22,30,5,3005,6,3006,8,2,7,00:00:d6:de:e4:75,snap07.sas.pvt,0,30,31,28,29,206,FEE installed on 11/04/2021,,,
,LWA-182,B,Coaxial,37.23940676,-118.281965,1182.93,-26.47,-41.12,YES,YES,0324,0222,OK,OK,33,25,33,15,3315,16,3316,3,2,8,00:00:b3:f2:e4:75,snap08.sas.pvt,0,30,31,28,29,238,FEE installed on 11/03/2021,,,
,LWA-193,F,Coaxial,37.24058437,-118.2822677,1182.95,-53.33,89.57,YES,YES,0129,0393,OK,OK,37,42,37,3,3703,4,3704,1,2,9,02:00:ce:ca:e4:6f,snap09.sas.pvt,0,30,31,28,29,270,FEE installed on 11/08/2021,,,
,LWA-168,,Coaxial,37.24005947,-118.2820538,1183.31,-34.35,31.32,NO,NO,,,OK,BREAK,,,,,0,,0,,,,,,,,,,,,,,,
,LWA-221,E,Coaxial,37.23915411,-118.2822702,1182.70,-53.55,-69.16,YES,YES,0325,0563,OK,OK,43,48,43,15,4315,16,4316,4,2,11,00:00:b3:fc:e4:6f,snap11.sas.pvt,0,30,31,28,29,334,FEE installed on 11/04/2021,,,
,LWA-228,D,Coaxial,37.24017936,-118.2825483,1183.68,-78.23,44.63,YES,YES,0231,0337,OK,OK,40,38,40,9,4009,10,4010,2,2,10,00:00:41:1e:e4:75,snap10.sas.pvt,0,30,31,28,29,302,FEE installed 8/24/2021,,,
,LWA-296,K,Fiber,37.24187965,-118.2897123,1181.25,-713.87,233.33,YES,YES,599,654,,,6,4098,6,13,613,14,614,12,1,2,02:00:d4:5b:e4:75,snap02.sas.pvt,0,30,31,28,29,46,,,,
,LWA-309,J,Fiber,37.24595793,-118.2818411,1184.47,-15.47,685.95,YES,YES,443,192,,,2,4107,2,15,215,16,216,13,1,1,00:00:4e:e4:ef:75,snap01.sas.pvt,0,30,31,28,29,14,,,,
,LWA-027,A,Coaxial,37.23946109,-118.2807466,1182.78,81.64,-35.09,YES,YES,0810,0925,OK,OK,20,33,20,3,2003,4,2004,7,1,4,00:00:08:4b:e4:6f,snap04.sas.pvt,0,28,29,30,31,111,FEE installed 10/29/2021,,,
,LWA-174,,Coaxial,37.23981447,-118.2818857,1182.64,-19.43,4.13,NO,NO,,,OK,~3M,,,,,,,0,,,,,,,,,,,,,,,
,LWA-041,G,Coaxial,37.24014563,-118.2812773,1182.88,34.55,40.88,YES,YES,1325,1375,OK,OK,16,39,16,15,1615,16,1616,10,1,3,02:00:a6:4e:e4:6f,snap03.sas.pvt,0,28,29,30,31,79,FEE installed 10/29/2021,,,
,LWA-086,C,Coaxial,37.23947941,-118.2813026,1182.66,32.31,-33.06,YES,YES,0455,0196,OK,OK,23,32,23,7,2307,8,2308,5,1,5,00:00:18:2d:e4:75,snap05.sas.pvt,0,28,29,30,31,143,FEE installed 11/04/2021,,,
,LWA-100,I,Coaxial,37.24030922,-118.2816171,1182.65,4.40,59.04,YES,YES,0147,0646,OK,OK,26,17,26,11,2611,12,2612,6,1,6,02:00:c2:4f:e4:75,snap06.sas.pvt,0,28,29,30,31,175,FEE installed on 11/04/2021,,,
,LWA-117,H,Coaxial,37.23963314,-118.2816685,1182.98,-0.16,-16.00,YES,YES,0436,0207,OK,OK,30,22,30,3,3003,4,3004,8,2,7,00:00:d6:de:e4:75,snap07.sas.pvt,0,28,29,30,31,207,FEE installed on 11/04/2021,,,
,LWA-160,B,Coaxial,37.23888067,-118.2818386,1182.66,-15.25,-99.51,YES,YES,0588,0667,OK,OK,33,25,33,13,3313,14,3314,3,2,8,00:00:b3:f2:e4:75,snap08.sas.pvt,0,28,29,30,31,239,FEE installed on 11/03/2021,,,
,LWA-198,F,Coaxial,37.24031702,-118.2820992,1183.34,-38.37,59.90,YES,YES,485,254,OK,OK,37,42,37,1,3701,2,3702,1,2,9,02:00:ce:ca:e4:6f,snap09.sas.pvt,0,28,29,30,31,271,FEE installed on 11/04/2021,,,
,LWA-219,E,Coaxial,37.23938798,-118.2823083,1182.86,-56.93,-43.20,YES,YES,0545,0643,OK,OK,43,48,43,13,4313,14,4314,4,2,11,00:00:b3:fc:e4:6f,snap11.sas.pvt,0,28,29,30,31,335,FEE installed 5/25/2021,,,
,LWA-230,D,Coaxial,37.24010696,-118.2826228,1183.59,-84.83,36.59,YES,YES,0219,0388,OK,OK,40,38,40,7,4007,8,4008,2,2,10,00:00:41:1e:e4:75,snap10.sas.pvt,0,28,29,30,31,303,FEE installed 8/24/2021,,,
,LWA-295,K,Fiber,37.24095124,-118.2878577,1183.39,-549.32,130.29,YES,YES,629,692,,,6,4098,6,11,611,12,612,12,1,2,02:00:d4:5b:e4:75,snap02.sas.pvt,0,28,29,30,31,47,,,,
,LWA-308,J,Fiber,37.245339,-118.2844536,1184.15,-247.26,617.26,YES,YES,200,440,,,2,4107,2,13,213,14,214,13,1,1,00:00:4e:e4:ef:75,snap01.sas.pvt,0,28,29,30,31,15,,,,
,LWA-044,G,Coaxial,37.23996472,-118.2810662,1182.77,53.29,20.80,YES,YES,0443,0192,OK,OK,17,23,17,5,1705,6,1706,10,1,3,02:00:a6:4e:e4:6f,snap03.sas.pvt,1,2,3,32,33,80,FEE installed 11/11/2021,,,
,LWA-049,A,Coaxial,37.23973011,-118.2811747,1182.58,43.65,-5.23,YES,YES,1517,1559,OK,OK,20,33,20,9,2009,10,2010,7,1,4,00:00:08:4b:e4:6f,snap04.sas.pvt,1,2,3,32,33,112,FEE installed 10/29/2021,,,
,LWA-089,C,Coaxial,37.23930194,-118.2814688,1182.49,17.56,-52.75,YES,YES,0519,0268,OK,OK,23,32,23,13,2313,14,2314,5,1,5,00:00:18:2d:e4:75,snap05.sas.pvt,1,2,3,32,33,144,FEE installed on 11/04/2021,,,
,LWA-103,I,Coaxial,37.24019467,-118.2816337,1182.64,2.93,46.32,YES,YES,0335,0561,OK,OK,27,21,27,1,2701,2,2702,6,1,6,02:00:c2:4f:e4:75,snap06.sas.pvt,1,2,3,32,33,176,FEE installed on 11/04/2021,,,
,LWA-120,H,Coaxial,37.23956661,-118.2816735,1182.70,-0.61,-23.38,YES,YES,0410,1062,OK,OK,30,22,30,9,3009,10,3010,8,2,7,00:00:d6:de:e4:75,snap07.sas.pvt,1,2,3,32,33,208,FEE installed on 11/04/2021,,,
,LWA-185,B,Coaxial,37.23933462,-118.2818939,1182.96,-20.16,-49.13,YES,YES,0135,0660,OK,OK,34,28,34,3,3403,4,3404,3,2,8,00:00:b3:f2:e4:75,snap08.sas.pvt,1,2,3,32,33,240,FEE installed on 11/03/2021,,,
,LWA-195,F,Coaxial,37.2405099,-118.2823414,1183.15,-59.86,81.31,YES,YES,0587,0683,OK,OK,37,42,37,7,3707,8,3708,1,2,9,02:00:ce:ca:e4:6f,snap09.sas.pvt,1,2,3,32,33,272,FEE installed on 11/08/2021,,,
,LWA-226,D,Coaxial,37.2403059,-118.2825618,1183.78,-79.43,58.67,YES,YES,0213,1349,OK,OK,40,38,40,13, ,14, ,2,2,10,00:00:41:1e:e4:75,snap10.sas.pvt,1,2,3,32,33,304,FEE installed 8/24/2021,,,
,LWA-241,E,Coaxial,37.23962331,-118.2824782,1183.14,-72.00,-17.09,YES,YES,0214,1364,OK,OK,44,26,44,3,4403,4,4404,4,2,11,00:00:b3:fc:e4:6f,snap11.sas.pvt,1,2,3,32,33,336,FEE installed 9/28/2021,,,
,LWA-301,K,Fiber,37.23612725,-118.2874095,1180.57,-509.59,-405.09,YES,YES,417,180,,,7,4111,7,1,701,2,702,12,1,2,02:00:d4:5b:e4:75,snap02.sas.pvt,1,2,3,32,33,48,,,,
,LWA-311,J,Fiber,37.2428387,-118.2866233,1184.75,-439.79,339.77,YES,YES,160,104,,,3,4099,3,3,303,4,304,13,1,1,00:00:4e:e4:ef:75,snap01.sas.pvt,1,2,3,32,33,16,,,,
,LWA-043,G,Coaxial,37.24000879,-118.2811854,1182.93,42.70,25.69,YES,YES,0479,?,OK,OK,17,23,17,3,1703,4,1704,10,1,3,02:00:a6:4e:e4:6f,snap03.sas.pvt,1,0,1,34,35,81,FEE installed 11/11/2021,,,
,LWA-048,A,Coaxial,37.23976097,-118.2812521,1182.60,36.79,-1.81,YES,YES,0239,1384,OK,OK,20,33,20,7,2007,8,2008,7,1,4,00:00:08:4b:e4:6f,snap04.sas.pvt,1,0,1,34,35,113,FEE installed 10/29/2021,,,
,LWA-082,H,Coaxial,37.23962839,-118.2813933,1183.03,24.26,-16.52,YES,YES,0430,0208,OK,OK,30,22,30,7,3007,8,3008,8,2,7,00:00:d6:de:e4:75,snap07.sas.pvt,1,0,1,34,35,209,FEE installed 11/04/2021,,,
,LWA-096,C,Coaxial,37.23890564,-118.2814451,1182.64,19.66,-96.74,YES,YES,0622,0693,OK,OK,23,32,23,11,2311,12,2312,5,1,5,00:00:18:2d:e4:75,snap05.sas.pvt,1,0,1,34,35,145,FEE installed on 11/04/2021,,,
,LWA-102,I,Coaxial,37.24023518,-118.2816759,1182.52,-0.81,50.82,YES,YES,0339,0226,OK,OK,26,17,26,15,2615,16,2616,6,1,6,02:00:c2:4f:e4:75,snap06.sas.pvt,1,0,1,34,35,177,FEE installed on 11/04/2021,,,
,LWA-184,B,Coaxial,37.23939305,-118.2818802,1182.87,-18.94,-42.64,YES,YES,0487,0251,OK,OK,34,28,34,1,3401,2,3402,3,2,8,00:00:b3:f2:e4:75,snap08.sas.pvt,1,0,1,34,35,241,FEE installed on 11/03/2021,,,
,LWA-194,F,Coaxial,37.24054176,-118.2821668,1183.06,-44.38,84.85,YES,YES,0323,0256,OK,OK,37,42,37,5,3705,6,3706,1,2,9,02:00:ce:ca:e4:6f,snap09.sas.pvt,1,0,1,34,35,273,FEE installed on 11/04/2021,,,
,LWA-223,E,Coaxial,37.23907594,-118.2823567,1182.80,-61.22,-77.84,YES,YES,0498,0578,OK,OK,44,26,44,1,4401,2,4402,4,2,11,00:00:b3:fc:e4:6f,snap11.sas.pvt,1,0,1,34,35,337,FEE installed 6/2/2021,,,
,LWA-229,D,Coaxial,37.24012768,-118.2825038,1183.56,-74.28,38.89,YES,YES,0229,0334,OK,OK,40,38,40,11,4011,12,4012,2,2,10,00:00:41:1e:e4:75,snap10.sas.pvt,1,0,1,34,35,305,FEE installed 8/24/2021,,,
,LWA-298,K,Fiber,37.24958433,-118.2777623,1185.65,346.40,1088.42,YES,YES,166,109,,,6,4098,6,15,615,16,616,12,1,2,02:00:d4:5b:e4:75,snap02.sas.pvt,1,0,1,34,35,49,,,,
,LWA-310,J,Fiber,37.24519965,-118.2823301,1184.45,-58.86,601.79,YES,YES,312,551,,,3,4099,3,1,301,2,302,13,1,1,00:00:4e:e4:ef:75,snap01.sas.pvt,1,0,1,34,35,17,,,,
,LWA-046,G,Coaxial,37.23989414,-118.2810346,1182.70,56.09,12.97,YES,YES,0237,1226,OK,OK,17,23,17,9,1709,10,1710,10,1,3,02:00:a6:4e:e4:6f,snap03.sas.pvt,1,6,7,36,37,82,FEE installed 10/29/2021,,,
,LWA-051,A,Coaxial,37.23968118,-118.2812393,1182.68,37.92,-10.66,YES,YES,0409,0218,OK,OK,20,33,20,13,2013,14,2014,7,1,4,00:00:08:4b:e4:6f,snap04.sas.pvt,1,6,7,36,37,114,FEE installed 11/03/2021,,,
,LWA-091,C,Coaxial,37.23916647,-118.2813914,1182.69,24.42,-67.79,YES,YES,0583,0698,OK,OK,24,43,24,1,2401,2,2402,5,1,5,00:00:18:2d:e4:75,snap05.sas.pvt,1,6,7,36,37,146,FEE installed on 11/04/2021,,,
,LWA-105,I,Coaxial,37.24011965,-118.2815204,1182.52,12.98,38.00,YES,YES,0597,0665,OK,OK,27,21,27,5,2705,6,2706,6,1,6,02:00:c2:4f:e4:75,snap06.sas.pvt,1,6,7,36,37,178,FEE installed on 11/04/2021,,,
,LWA-143,H,Coaxial,37.23999336,-118.281704,1182.52,-3.31,23.98,YES,YES,0453,0195,OK,OK,30,22,30,13,3013,14,3014,8,2,7,00:00:d6:de:e4:75,snap07.sas.pvt,1,6,7,36,37,210,FEE installed on 11/03/2021,,,
,LWA-187,B,Coaxial,37.23922783,-118.281987,1182.82,-28.42,-60.98,YES,YES,0488,0253,OK,OK,34,28,34,7,3407,8,3408,3,2,8,00:00:b3:f2:e4:75,snap08.sas.pvt,1,6,7,36,37,242,FEE installed on 11/08/2021,,,
,LWA-197,F,Coaxial,37.24032985,-118.2822875,1183.50,-55.09,61.33,YES,YES,0315,0568,OK,OK,37,42,37,11,3711,12,3712,1,2,9,02:00:ce:ca:e4:6f,snap09.sas.pvt,1,6,7,36,37,274,FEE installed on 11/04/2021,,,
 ,LWA-233,D,Coaxial,37.23992214,-118.2823903,1183.34,-64.20,16.08,YES,YES,245,1359,OK,OK,41,46,41,1, ,2, ,2,2,10,00:00:41:1e:e4:75,snap10.sas.pvt,1,6,7,36,37,306,FEE installed 8/24/2021,,,
,LWA-244,E,Coaxial,37.23952124,-118.2824382,1183.03,-68.46,-28.41,YES,YES,0212,1387,OK,OK,44,26,44,7,4407,8,4408,4,2,11,00:00:b3:fc:e4:6f,snap11.sas.pvt,1,6,7,36,37,338,FEE installed 8/24/2021,,,
,LWA-216,,Coaxial,37.23945065,-118.2821739,1182.87,-45.01,-36.25,NO,NO,,,OK,BREAK,,,,,0,,0,,,,,,,,,,,,,,,
,LWA-305,K,Fiber,37.2399408,-118.2863848,1183.17,-418.64,18.15,YES,YES,299,539,,,7,4111,7,5,705,6,706,12,1,2,02:00:d4:5b:e4:75,snap02.sas.pvt,1,6,7,36,37,50,,,,
,LWA-313,J,Fiber,37.24340671,-118.2787976,1183.44,254.57,402.81,YES,YES,0413,0231,,,3,4099,3,7,307,8,308,13,1,1,00:00:4e:e4:ef:75,snap01.sas.pvt,1,6,7,36,37,18,,,,
,LWA-045,G,Coaxial,37.23991949,-118.2811983,1182.83,41.56,15.78,YES,YES,0260,1361,OK,OK,17,23,17,7,1707,8,1708,10,1,3,02:00:a6:4e:e4:6f,snap03.sas.pvt,1,4,5,38,39,83,FEE installed 10/29/2021,,,
,LWA-220,,Coaxial,37.23927952,-118.282232,1182.87,-50.16,-55.24,NO,NO,,,BREAK,OK,,,,,0,,0,,,,,,,,,,,,,,,
,LWA-050,A,Coaxial,37.23970995,-118.2811235,1182.60,48.20,-7.47,YES,YES,0720,0876,OK,OK,20,33,20,11,2011,12,2012,7,1,4,00:00:08:4b:e4:6f,snap04.sas.pvt,1,4,5,38,39,115,FEE installed 10/29/2021,,,
,LWA-090,C,Coaxial,37.23923106,-118.2813818,1182.59,25.28,-60.62,YES,YES,0154,0377,OK,OK,23,32,23,15,2315,16,2316,5,1,5,00:00:18:2d:e4:75,snap05.sas.pvt,1,4,5,38,39,147,FEE installed on 11/04/2021,,,
,LWA-104,I,Coaxial,37.2401829,-118.2815311,1182.55,12.03,45.02,YES,YES,1485,0631,OK,OK,27,21,27,3,2703,4,2704,6,1,6,02:00:c2:4f:e4:75,snap06.sas.pvt,1,4,5,38,39,179,FEE installed on 11/04/2021,,,
,LWA-142,H,Coaxial,37.24003234,-118.2817325,1182.52,-5.84,28.31,YES,YES,0434,0206,OK,OK,30,22,30,11,3011,12,3012,8,2,7,00:00:d6:de:e4:75,snap07.sas.pvt,1,4,5,38,39,211,FEE installed on 11/03/2021,,,
,LWA-186,B,Coaxial,37.23931788,-118.2820626,1182.87,-35.13,-50.98,YES,YES,0445,0193,OK,OK,34,28,34,5,3405,6,3406,3,2,8,00:00:b3:f2:e4:75,snap08.sas.pvt,1,4,5,38,39,243,FEE installed on 11/03/2021,,,
,LWA-196,F,Coaxial,37.24035349,-118.2821551,1183.38,-43.34,63.95,YES,YES,0108,0353,OK,OK,37,42,37,9,3709,10,3710,1,2,9,02:00:ce:ca:e4:6f,snap09.sas.pvt,1,4,5,38,39,275,FEE installed on 11/04/2021,,,
,LWA-232,D,Coaxial,37.23995679,-118.2826447,1183.53,-86.78,19.92,YES,YES,185,316,OK,OK,40,38,40,15, ,16, ,2,2,10,00:00:41:1e:e4:75,snap10.sas.pvt,1,4,5,38,39,307,FEE installed 8/24/2021,,,
,LWA-242,E,Coaxial,37.23960331,-118.2825766,1183.28,-80.74,-19.31,YES,YES,0258,1366,OK,OK,44,26,44,5,4405,6,4406,4,2,11,00:00:b3:fc:e4:6f,snap11.sas.pvt,1,4,5,38,39,339,FEE installed 8/24/2021,,,
,LWA-303,K,Fiber,37.23732897,-118.2862443,1182.87,-406.19,-271.72,YES,YES,262,342,,,7,4111,7,3,703,4,704,12,1,2,02:00:d4:5b:e4:75,snap02.sas.pvt,1,4,5,38,39,51,,,,
,LWA-312,J,Fiber,37.24393393,-118.2874849,1183.76,-516.22,461.32,YES,YES,1515,1565,,,3,4099,3,5,305,6,306,13,1,1,00:00:4e:e4:ef:75,snap01.sas.pvt,1,4,5,38,39,19,,,,
 ,LWA-231,,Coaxial,37.24003849,-118.2826771,1183.49,-89.65,28.99,NO,NO,,,OK,BREAK,,,,,,,,,,,,,,,,,,,, , , 
,LWA-053,A,Coaxial,37.23961158,-118.281156,1182.67,45.31,-18.39,YES,YES,0517,0574,OK,OK,21,34,21,1,2101,2,2102,7,1,4,00:00:08:4b:e4:6f,snap04.sas.pvt,1,10,11,40,41,116,FEE installed 11/03/2021, , , 
,LWA-071,G,Coaxial,37.24008937,-118.2813684,1182.89,26.46,34.64,YES,YES,0454,0215,OK,OK,17,23,17,13,1713,14,1714,10,1,3,02:00:a6:4e:e4:6f,snap03.sas.pvt,1,10,11,40,41,84,FEE installed 11/03/2021, , , 
,LWA-093,C,Coaxial,37.23902551,-118.2813123,1182.73,31.45,-83.43,YES,YES,0100,0686,OK,OK,24,43,24,5,2405,6,2406,5,1,5,00:00:18:2d:e4:75,snap05.sas.pvt,1,10,11,40,41,148,FEE installed on 11/04/2021,,,
,LWA-129,I,Coaxial,37.24066826,-118.2818364,1183.03,-15.06,98.88,YES,YES,0448,0213,OK,OK,27,21,27,9,2709,10,2710,6,1,6,02:00:c2:4f:e4:75,snap06.sas.pvt,1,10,11,40,41,180,FEE installed on 11/04/2021,,,
,LWA-145,H,Coaxial,37.23992112,-118.281741,1182.73,-6.59,15.96,YES,YES,0441,0191,OK,OK,31,1,31,1,3101,2,3102,8,2,7,00:00:d6:de:e4:75,snap07.sas.pvt,1,10,11,40,41,212,FEE installed on 11/03/2021,,,
,LWA-190,B,Coaxial,37.23906509,-118.281895,1182.66,-20.25,-79.04,YES,YES,0435,0663,OK,OK,34,28,34,11,3411,12,3412,3,2,8,00:00:b3:f2:e4:75,snap08.sas.pvt,1,10,11,40,41,244,FEE installed on 11/04/2021,,,
,LWA-200,F,Coaxial,37.24023498,-118.2822311,1183.35,-50.08,50.80,YES,YES,0117,0344,OK,OK,37,42,37,15,3715,16,3716,1,2,9,02:00:ce:ca:e4:6f,snap09.sas.pvt,1,10,11,40,41,276,FEE installed on 11/04/2021,,,
,LWA-236,D,Coaxial,37.23979206,-118.2825315,1183.22,-76.74,1.64,YES,YES,1499,1560,OK,OK,41,46,41,5,4105,6,4106,2,2,10,00:00:41:1e:e4:75,snap10.sas.pvt,1,10,11,40,41,308,FEE installed 8/24/2021,,,
,LWA-246,E,Coaxial,37.23948833,-118.2826576,1183.31,-87.92,-32.07,YES,YES,0257,1362,OK,OK,44,26,44,11,4411,12,4412,4,2,11,00:00:b3:fc:e4:6f,snap11.sas.pvt,1,10,11,40,41,340,FEE installed 8/24/2021,,,
,LWA-317,K,Fiber,37.23826658,-118.2861208,1183.03,-395.22,-167.66,YES,YES,302,527,,,7,4111,7,9,709,10,710,12,1,2,02:00:d4:5b:e4:75,snap02.sas.pvt,1,10,11,40,41,52,,,,
,LWA-321,J,Fiber,37.24627062,-118.2875772,1185.10,-524.40,720.65,YES,YES,602,633,,,3,4099,3,11,311,12,312,13,1,1,00:00:4e:e4:ef:75,snap01.sas.pvt,1,10,11,40,41,20,,,,
,LWA-037,I,Coaxial,37.24028972,-118.2811755,1182.71,43.58,56.87,YES,YES,0777,0866,OK,OK,27,21,27,7,2707,8,2708,6,1,6,02:00:c2:4f:e4:75,snap06.sas.pvt,1,8,9,42,43,181,FEE installed 10/29/2021,,,
,LWA-047,G,Coaxial,37.23984395,-118.2812041,1182.78,41.05,7.40,YES,YES,0500,1564,OK,OK,17,23,17,11,1711,12,1712,10,1,3,02:00:a6:4e:e4:6f,snap03.sas.pvt,1,8,9,42,43,85,FEE installed 10/29/2021,,,
,LWA-052,A,Coaxial,37.23967094,-118.2811546,1182.58,45.44,-11.80,YES,YES,0333,0562,OK,OK,20,33,20,15,2015,16,2016,7,1,4,00:00:08:4b:e4:6f,snap04.sas.pvt,1,8,9,42,43,117,FEE installed 10/29/2021,,,
,LWA-092,C,Coaxial,37.23910344,-118.2813249,1182.74,30.33,-74.78,YES,YES,0309,0579,OK,OK,24,43,24,3,2403,4,2404,5,1,5,00:00:18:2d:e4:75,snap05.sas.pvt,1,8,9,42,43,149,FEE installed on 11/04/2021,,,
,LWA-144,H,Coaxial,37.23998137,-118.2818215,1182.59,-13.74,22.65,YES,YES,0637,0270,OK,OK,30,22,30,15,3015,16,3016,8,2,7,00:00:d6:de:e4:75,snap07.sas.pvt,1,8,9,42,43,213,FEE installed on 11/03/2021,,,
,LWA-189,B,Coaxial,37.23906865,-118.2820053,1182.71,-30.04,-78.64,YES,YES,0449,0198,OK,OK,34,28,34,9,3409,10,3410,3,2,8,00:00:b3:f2:e4:75,snap08.sas.pvt,1,8,9,42,43,245,FEE installed on 11/04/2021,,,
,LWA-199,F,Coaxial,37.24025556,-118.2823567,1183.51,-61.22,53.08,YES,YES,0446,0212,OK,OK,37,42,37,13,3713,14,3714,1,2,9,02:00:ce:ca:e4:6f,snap09.sas.pvt,1,8,9,42,43,277,FEE installed on 11/04/2021,,,
,LWA-235,D,Coaxial,37.23982881,-118.2824288,1183.15,-67.62,5.72,YES,YES,0538,1653,OK,OK,41,46,41,3,4103,4,4104,2,2,10,00:00:41:1e:e4:75,snap10.sas.pvt,1,8,9,42,43,309,FEE installed 8/24/2021,,,
,LWA-245,E,Coaxial,37.23949964,-118.2827759,1183.46,-98.42,-30.81,YES,YES,0204,1346,OK,OK,44,26,44,9,4409,10,4410,4,2,11,00:00:b3:fc:e4:6f,snap11.sas.pvt,1,8,9,42,43,341,FEE installed 8/24/2021,,,
,LWA-306,K,Fiber,37.2383259,-118.2877317,1180.92,-538.16,-161.08,YES,YES,495,636,,,7,4111,7,7,707,8,708,12,1,2,02:00:d4:5b:e4:75,snap02.sas.pvt,1,8,9,42,43,53,,,,
,LWA-314,J,Fiber,37.24325806,-118.2803486,1184.08,116.95,386.31,YES,YES,0513,0262,,,3,4099,3,9,309,10,310,13,1,1,00:00:4e:e4:ef:75,snap01.sas.pvt,1,8,9,42,43,21,,,,
,LWA-054,A,Coaxial,37.23953876,-118.2811732,1182.68,43.79,-26.47,YES,YES,0700,0171,OK,OK,21,34,21,5,2105,6,2106,7,1,4,00:00:08:4b:e4:6f,snap04.sas.pvt,1,14,15,44,45,118,FEE installed 11/03/2021,,,
,LWA-074,G,Coaxial,37.23995746,-118.2812921,1182.82,33.24,20.00,YES,YES,0152,0380,OK,OK,18,37,18,1,1801,2,1802,10,1,3,02:00:a6:4e:e4:6f,snap03.sas.pvt,1,14,15,44,45,86,FEE installed 11/03/2021,,,
,LWA-095,C,Coaxial,37.23893808,-118.2813589,1182.57,27.31,-93.14,YES,YES,0220,1351,OK,OK,24,43,24,9,2409,10,2410,5,1,5,00:00:18:2d:e4:75,snap05.sas.pvt,1,14,15,44,45,150,FEE installed on 11/04/2021,,,
,LWA-131,I,Coaxial,37.24055601,-118.2817337,1183.29,-5.94,86.43,YES,YES,0118,0343,OK,OK,27,21,27,13,2713,14,2714,6,1,6,02:00:c2:4f:e4:75,snap06.sas.pvt,1,14,15,44,45,182,FEE installed on 11/04/2021,,,
,LWA-147,H,Coaxial,37.23981503,-118.2818312,1182.78,-14.60,4.19,YES,YES,0432,0102,OK,OK,31,1,31,5,3105,6,3106,8,2,7,00:00:d6:de:e4:75,snap07.sas.pvt,1,14,15,44,45,214,FEE installed on 11/03/2021,,,
,LWA-191,B,Coaxial,37.23900226,-118.2819837,1182.71,-28.12,-86.01,YES,YES,0406,0219,OK,OK,34,28,34,15,3415,16,3416,3,2,8,00:00:b3:f2:e4:75,snap08.sas.pvt,1,14,15,44,45,246,FEE installed on 11/04/2021,,,
,LWA-202,F,Coaxial,37.24013446,-118.2821336,1183.24,-41.43,39.64,YES,YES,0461,0575,OK,OK,38,43,38,3,3803,4,3804,1,2,9,02:00:ce:ca:e4:6f,snap09.sas.pvt,1,14,15,44,45,278,FEE installed on 11/04/2021,,,
,LWA-238,D,Coaxial,37.23973853,-118.2823788,1183.10,-63.19,-4.30,YES,YES,0193,0315,OK,OK,41,46,41,9,4109,10,4110,2,2,10,00:00:41:1e:e4:75,snap10.sas.pvt,1,14,15,44,45,310,FEE installed 8/24/2021,,,
,LWA-249,E,Coaxial,37.23930282,-118.2825853,1183.09,-81.51,-52.66,YES,YES,0145,0373,OK,OK,44,26,44,15,4415,16,4416,4,2,11,00:00:b3:fc:e4:6f,snap11.sas.pvt,1,14,15,44,45,342,FEE installed on 11/04/2021,,,
,LWA-320,K,Fiber,37.24381148,-118.2923431,1179.61,-947.28,447.73,YES,YES,0489,0266,,,7,4111,7,13,713,14,714,12,1,2,02:00:d4:5b:e4:75,snap02.sas.pvt,1,14,15,44,45,54,,,,
,LWA-330,J,Fiber,37.24682923,-118.2801465,1185.03,134.88,782.65,YES,YES,189,106,,,3,4099,3,15,315,16,316,13,1,1,00:00:4e:e4:ef:75,snap01.sas.pvt,1,14,15,44,45,22,,,,
,LWA-073,G,Coaxial,37.24004105,-118.2813222,1182.84,30.57,29.28,YES,YES,0419,0176,OK,OK,17,23,17,15,1715,16,1716,10,1,3,02:00:a6:4e:e4:6f,snap03.sas.pvt,1,12,13,46,47,87,FEE installed 11/03/2021,,,
,LWA-080,A,Coaxial,37.23972941,-118.2813115,1182.76,31.52,-5.31,YES,YES,0484,0267,OK,OK,21,34,21,3,2103,4,2104,7,1,4,00:00:08:4b:e4:6f,snap04.sas.pvt,1,12,13,46,47,119,FEE installed 11/04/2021,,,
,LWA-094,C,Coaxial,37.23901833,-118.2814666,1182.70,17.76,-84.23,YES,YES,0604,0630,OK,OK,24,43,24,7,2407,8,2408,5,1,5,00:00:18:2d:e4:75,snap05.sas.pvt,1,12,13,46,47,151,FEE installed on 11/04/2021,,,
,LWA-130,I,Coaxial,37.24065792,-118.2817126,1182.84,-4.07,97.74,YES,YES,0107,0354,OK,OK,27,21,27,11,2711,12,2712,6,1,6,02:00:c2:4f:e4:75,snap06.sas.pvt,1,12,13,46,47,183,FEE installed on 11/04/2021,,,
,LWA-150,H,Coaxial,37.23957941,-118.2817397,1182.76,-6.47,-21.96,YES,YES,0149,0101,OK,OK,31,1,31,3,3103,4,3104,8,2,7,00:00:d6:de:e4:75,snap07.sas.pvt,1,12,13,46,47,215,FEE installed on 11/03/2021,,,
,LWA-192,B,Coaxial,37.23894916,-118.2819733,1182.80,-27.20,-91.91,YES,YES,0426,0227,OK,OK,34,28,34,13,3413,14,3414,3,2,8,00:00:b3:f2:e4:75,snap08.sas.pvt,1,12,13,46,47,247,FEE installed on 11/04/2021,,,
,LWA-201,F,Coaxial,37.24020627,-118.2821256,1183.20,-40.72,47.61,YES,YES,0585,0680,OK,OK,38,43,38,1,3801,2,3802,1,2,9,02:00:ce:ca:e4:6f,snap09.sas.pvt,1,12,13,46,47,279,FEE installed on 11/04/2021,,,
,LWA-237,D,Coaxial,37.23975707,-118.2827063,1183.56,-92.24,-2.24,YES,YES,0223,1350,OK,OK,41,46,41,7,4107,8,4108,2,2,10,00:00:41:1e:e4:75,snap10.sas.pvt,1,12,13,46,47,311,FEE installed 8/24/2021,,,
,LWA-248,E,Coaxial,37.23939119,-118.282514,1182.96,-75.18,-42.85,YES,YES,1480,0585,OK,OK,44,26,44,13,4413,14,4414,4,2,11,00:00:b3:fc:e4:6f,snap11.sas.pvt,1,12,13,46,47,343,FEE installed 8/24/2021,,,
,LWA-318,K,Fiber,37.23757445,-118.2847327,1182.62,-272.06,-244.48,YES,YES,134,172,,,7,4111,7,11,711,12,712,12,1,2,02:00:d4:5b:e4:75,snap02.sas.pvt,1,12,13,46,47,55,,,,
,LWA-327,J,Fiber,37.24756677,-118.2864928,1185.05,-428.18,864.50,YES,YES,327,560,,,3,4099,3,13,313,14,314,13,1,1,00:00:4e:e4:ef:75,snap01.sas.pvt,1,12,13,46,47,23,,,,
,LWA-077,G,Coaxial,37.23986084,-118.2813243,1182.67,30.38,9.27,YES,YES,0143,0379,OK,OK,18,37,18,5,1805,6,1806,10,1,3,02:00:a6:4e:e4:6f,snap03.sas.pvt,1,18,19,48,49,88,FEE installed 11/01/2021,,,
,LWA-084,A,Coaxial,37.23957471,-118.2812813,1182.85,34.20,-22.48,YES,YES,0470,0246,OK,OK,21,34,21,9,2109,10,2110,7,1,4,00:00:08:4b:e4:6f,snap04.sas.pvt,1,18,19,48,49,120,FEE installed 11/04/2021,,,
,LWA-122,C,Coaxial,37.23937273,-118.2814975,1182.36,15.02,-44.90,YES,YES,0618,0672,OK,OK,24,43,24,13,2413,14,2414,5,1,5,00:00:18:2d:e4:75,snap05.sas.pvt,1,18,19,48,49,152,FEE installed on 11/04/2021,,,
,LWA-134,I,Coaxial,37.24045044,-118.2817217,1183.19,-4.88,74.71,YES,YES,0296,0542,OK,OK,28,18,28,1,2801,2,2802,6,1,6,02:00:c2:4f:e4:75,snap06.sas.pvt,1,18,19,48,49,184,FEE installed on 11/04/2021,,,
,LWA-149,H,Coaxial,37.23965165,-118.2817769,1182.84,-9.78,-13.94,YES,YES,0464,0234,OK,OK,31,1,31,9,3109,10,3110,8,2,7,00:00:d6:de:e4:75,snap07.sas.pvt,1,18,19,48,49,216,FEE installed on 11/03/2021,,,
,LWA-224,B,Coaxial,37.23900323,-118.282186,1182.85,-46.08,-85.91,YES,YES,0270,0338,OK,OK,35,29,35,3,3503,4,3504,3,2,8,00:00:b3:f2:e4:75,snap08.sas.pvt,1,18,19,48,49,248,FEE installed 8/24/2021,,,
,LWA-227,F,Coaxial,37.24029313,-118.2823904,1183.61,-64.22,57.25,YES,YES,0267,0360,OK,OK,38,43,38,7,3807,8,3808,1,2,9,02:00:ce:ca:e4:6f,snap09.sas.pvt,1,18,19,48,49,280,FEE installed 8/24/2021,,,
,LWA-240,D,Coaxial,37.23963869,-118.2827402,1183.52,-95.25,-15.38,YES,YES,1484,0639,OK,OK,41,46,41,13,4113,14,4114,2,2,10,00:00:41:1e:e4:75,snap10.sas.pvt,1,18,19,48,49,312,FEE installed 8/24/2021,,,
,LWA-251,E,Coaxial,37.23917799,-118.2824707,1182.85,-71.34,-66.51,YES,YES,0636,0678,OK,OK,45,50,45,3,4503,4,4504,4,2,11,00:00:b3:fc:e4:6f,snap11.sas.pvt,1,18,19,48,49,344,FEE installed on 11/04/2021,,,
,LWA-336,K,Fiber,37.24124848,-118.2899791,1181.55,-737.55,163.28,YES,YES,428,170,,,8,4104,8,1,801,2,802,12,1,2,02:00:d4:5b:e4:75,snap02.sas.pvt,1,18,19,48,49,56,,,,
,LWA-338,J,Fiber,37.24312529,-118.2826165,1184.33,-84.27,371.57,YES,YES,113,348,,,4,4112,4,3,403,4,404,13,1,1,00:00:4e:e4:ef:75,snap01.sas.pvt,1,18,19,48,49,24,,,,
,LWA-055,A,Coaxial,37.23946758,-118.2811252,1182.58,48.05,-34.37,YES,YES,0420,0177,OK,OK,21,34,21,7,2107,8,2108,7,1,4,00:00:08:4b:e4:6f,snap04.sas.pvt,1,16,17,50,51,121,FEE installed 11/03/2021,,,
,LWA-075,G,Coaxial,37.23994031,-118.2814257,1182.67,21.38,18.09,YES,YES,0102,1656,OK,OK,18,37,18,3,1803,4,1804,10,1,3,02:00:a6:4e:e4:6f,snap03.sas.pvt,1,16,17,50,51,89,FEE installed 11/01/2021,,,
,LWA-121,C,Coaxial,37.23947023,-118.2815688,1182.69,8.69,-34.08,YES,YES,0580,0684,OK,OK,24,43,24,11,2411,12,2412,5,1,5,00:00:18:2d:e4:75,snap05.sas.pvt,1,16,17,50,51,153,FEE installed on 11/04/2021,,,
,LWA-132,I,Coaxial,37.24050485,-118.2818052,1183.36,-12.29,80.75,YES,YES,0582,0699,OK,OK,27,21,27,15,2715,16,2716,6,1,6,02:00:c2:4f:e4:75,snap06.sas.pvt,1,16,17,50,51,185,FEE installed on 11/04/2021,,,
,LWA-148,H,Coaxial,37.23971708,-118.2817838,1182.79,-10.39,-6.68,YES,YES,0412,0629,OK,OK,31,1,31,7,3107,8,3108,8,2,7,00:00:d6:de:e4:75,snap07.sas.pvt,1,16,17,50,51,217,FEE installed on 11/03/2021,,,
,LWA-222,B,Coaxial,37.2391416,-118.2821491,1182.60,-42.80,-70.55,YES,YES,0127,0391,OK,OK,35,29,35,1,3501,2,3502,3,2,8,00:00:b3:f2:e4:75,snap08.sas.pvt,1,16,17,50,51,249,FEE installed on 11/04/2021,,,
,LWA-225,F,Coaxial,37.24045911,-118.2825002,1183.51,-73.96,75.67,YES,YES,0124,0652,OK,OK,38,43,38,5,3805,6,3806,1,2,9,02:00:ce:ca:e4:6f,snap09.sas.pvt,1,16,17,50,51,281,FEE installed 8/24/2021,,,
,LWA-239,D,Coaxial,37.23968977,-118.2824013,1183.09,-65.18,-9.71,YES,YES,1488,1654,OK,OK,41,46,41,11,4111,12,4112,2,2,10,00:00:41:1e:e4:75,snap10.sas.pvt,1,16,17,50,51,313,FEE installed 8/24/2021,,,
,LWA-250,E,Coaxial,37.23928711,-118.2824435,1182.72,-68.93,-54.40,YES,YES,0300,0538,OK,OK,45,50,45,1,4501,2,4502,4,2,11,00:00:b3:fc:e4:6f,snap11.sas.pvt,1,16,17,50,51,345,FEE installed on 11/04/2021,,,
,LWA-332,J,Fiber,37.24691041,-118.2825052,1184.54,-74.39,791.66,YES,YES,215,352,,,4,4112,4,1,401,2,402,13,1,1,00:00:4e:e4:ef:75,snap01.sas.pvt,1,16,17,50,51,25,,,,
,LWA-335,K,Fiber,37.23895686,-118.29199,1178.79,-916.01,-91.05,YES,YES,427,186,,,7,4111,7,15,715,16,716,12,1,2,02:00:d4:5b:e4:75,snap02.sas.pvt,1,16,17,50,51,57,,,,
,LWA-151,H,Coaxial,37.23957589,-118.2818709,1182.80,-18.12,-22.35,YES,YES,0547,1563,OK,OK,31,1,31,13,3113,14,3114,8,2,7,00:00:d6:de:e4:75,snap07.sas.pvt,1,22,23,52,53,218,FEE installed 9/3/2021,,,
,LWA-252,I,Coaxial,37.2420327,-118.2806832,1183.77,87.27,250.31,YES,YES,0295,0543,OK,OK,28,18,28,5,2805,6,2806,6,1,6,02:00:c2:4f:e4:75,snap06.sas.pvt,1,22,23,52,53,186,,,,
,LWA-261,E,Fiber,37.24838143,-118.2802427,1185.24,126.34,954.91,YES,YES,126,392,,,14,4106,14,1,1401,2,1402,4,2,11,00:00:b3:fc:e4:6f,snap11.sas.pvt,1,22,23,52,53,346,,,,
,LWA-275,G,Fiber,37.24558814,-118.2781173,1183.86,314.92,644.91,YES,YES,319,556,,,9,4108,9,1,901,2,902,10,1,3,02:00:a6:4e:e4:6f,snap03.sas.pvt,1,22,23,52,53,90,,,,
,LWA-297,D,Fiber,37.24958926,-118.2808875,1186.02,69.13,1088.96,YES,YES,178,167,,,13,4105,13,7,1307,8,1308,2,2,10,00:00:41:1e:e4:75,snap10.sas.pvt,1,22,23,52,53,314,,,,
,LWA-324,A,Fiber,37.23994738,-118.2786074,1182.97,271.45,18.88,YES,YES,?,?,,,9,4108,9,13,913,14,914,7,1,4,00:00:08:4b:e4:6f,snap04.sas.pvt,1,22,23,52,53,122,,,,
,LWA-325,C,Fiber,37.24811095,-118.2769859,1185.10,415.29,924.90,YES,YES,171,111,,,10,4103,10,9,1009,10,1010,5,1,5,00:00:18:2d:e4:75,snap05.sas.pvt,1,22,23,52,53,154,,,,
,LWA-326,B,Fiber,37.24636348,-118.2783498,1184.46,294.29,730.96,YES,YES,142,381,,,12,4110,12,3,1203,4,1204,3,2,8,00:00:b3:f2:e4:75,snap08.sas.pvt,1,22,23,52,53,250,,,,
,LWA-340,J,Fiber,37.24555603,-118.2857779,1184.74,-364.76,641.34,YES,YES,161,105,,,4,4112,4,7,407,8,408,13,1,1,00:00:4e:e4:ef:75,snap01.sas.pvt,1,22,23,52,53,26,,,,
,LWA-343,K,Fiber,37.24193754,-118.2865982,1184.22,-437.57,239.75,YES,YES,425,168,,,8,4104,8,5,805,6,806,12,1,2,02:00:d4:5b:e4:75,snap02.sas.pvt,1,22,23,52,53,58,,,,
,LWA-349,F,Fiber,37.24506103,-118.2909214,1184.23,-821.13,586.41,YES,YES,0603,1645,,,12,4110,12,13,1213,14,1214,1,2,9,02:00:ce:ca:e4:6f,snap09.sas.pvt,1,22,23,52,53,282,,,,
,LWA-139,I,Coaxial,37.24010244,-118.2817049,1182.48,-3.39,36.09,YES,YES,0499,0278,OK,OK,28,18,28,3,2803,4,2804,6,1,6,02:00:c2:4f:e4:75,snap06.sas.pvt,1,20,21,54,55,187,FEE installed on 11/04/2021,,,
,LWA-172,H,Coaxial,37.23984646,-118.2819336,1182.72,-23.68,7.68,YES,YES,0424,0183,OK,OK,31,1,31,11,3111,12,3112,8,2,7,00:00:d6:de:e4:75,snap07.sas.pvt,1,20,21,54,55,219,FEE installed on 11/03/2021,,,
,LWA-253,F,Coaxial,37.24206435,-118.2825284,1183.58,-76.46,253.83,YES,YES,609,637,OK,OK,38,43,38,9,3809,10,3810,1,2,9,02:00:ce:ca:e4:6f,snap09.sas.pvt,1,20,21,54,55,283,,,,
,LWA-254,D,Coaxial,37.24122255,-118.2840456,1183.67,-211.08,160.40,YES,YES,0586,0673,OK,OK,41,46,41,15,4115,16,4116,2,2,10,00:00:41:1e:e4:75,snap10.sas.pvt,1,20,21,54,55,315,,,,
,LWA-256,E,Coaxial,37.2384156,-118.284121,1182.87,-217.77,-151.12,YES,YES,0626,0363,OK,OK,45,50,45,5,4505,6,4506,4,2,11,00:00:b3:fc:e4:6f,snap11.sas.pvt,1,20,21,54,55,347,,,,
,LWA-262,A,Fiber,37.23905459,-118.2799617,1182.50,151.29,-80.21,YES,YES,182,118,,,9,4108,9,11,911,12,912,7,1,4,00:00:08:4b:e4:6f,snap04.sas.pvt,1,20,21,54,55,123,,,,
,LWA-274,G,Fiber,37.24067826,-118.2800065,1182.93,147.31,99.99,YES,YES,331,570,,,8,4104,8,15,815,16,816,10,1,3,02:00:a6:4e:e4:6f,snap03.sas.pvt,1,20,21,54,55,91,,,,
,LWA-316,C,Fiber,37.23848336,-118.2929476,1178.46,-1000.98,-143.60,YES,YES,591,362,,,10,4103,10,7,1007,8,1008,5,1,5,00:00:18:2d:e4:75,snap05.sas.pvt,1,20,21,54,55,155,,,,
,LWA-322,B,Fiber,37.24874952,-118.2894812,1185.01,-693.31,995.77,YES,YES,0407,0204,,,12,4110,12,1,1201,2,1202,3,2,8,00:00:b3:f2:e4:75,snap08.sas.pvt,1,20,21,54,55,251,,,,
,LWA-337,K,Fiber,37.24080649,-118.2856737,1183.64,-355.54,114.23,YES,YES,164,107,,,8,4104,8,3,803,4,804,12,1,2,02:00:d4:5b:e4:75,snap02.sas.pvt,1,20,21,54,55,59,,,,
,LWA-339,J,Fiber,37.24682558,-118.2839397,1184.69,-201.66,782.24,YES,YES,593,681,,,4,4112,4,5,405,6,406,13,1,1,00:00:4e:e4:ef:75,snap01.sas.pvt,1,20,21,54,55,27,,,,
,LWA-279,H,Fiber,37.24466804,-118.2776836,1183.98,353.41,542.79,YES,YES,0516,0593,,,11,4109,11,11,1111,12,1112,8,2,7,00:00:d6:de:e4:75,snap07.sas.pvt,1,26,27,56,57,220,,,,
,LWA-293,F,Fiber,37.24112801,-118.2823114,1183.24,-57.20,149.91,YES,YES,0125,0664,,,13,4105,13,1,1301,2,1302,1,2,9,02:00:ce:ca:e4:6f,snap09.sas.pvt,1,26,27,56,57,284,,,,
,LWA-294,I,Fiber,37.2411509,-118.281231,1183.13,38.66,152.45,YES,YES,179,116,,,11,4109,11,5,1105,6,1106,6,1,6,02:00:c2:4f:e4:75,snap06.sas.pvt,1,26,27,56,57,188,,,,
,LWA-300,E,Fiber,37.23785229,-118.2772063,1182.22,395.79,-213.64,YES,YES,356,177,,,14,4106,14,5,1405,6,1406,4,2,11,00:00:b3:fc:e4:6f,snap11.sas.pvt,1,26,27,56,57,348,,,,
,LWA-302,G,Fiber,37.23393297,-118.2856158,1182.00,-350.43,-648.62,YES,YES,165,108,,,9,4108,9,5,905,6,906,10,1,3,02:00:a6:4e:e4:6f,snap03.sas.pvt,1,26,27,56,57,92,,,,
,LWA-334,C,Fiber,37.24338013,-118.2776277,1183.66,358.37,399.86,YES,YES,173,113,,,10,4103,10,13,1013,14,1014,5,1,5,00:00:18:2d:e4:75,snap05.sas.pvt,1,26,27,56,57,156,,,,
,LWA-345,B,Fiber,37.23830349,-118.2820894,1182.67,-37.50,-163.56,YES,YES,0101,0185,,,12,4110,12,7,1207,8,1208,3,2,8,00:00:b3:f2:e4:75,snap08.sas.pvt,1,26,27,56,57,252,,,,
,LWA-346,D,Fiber,37.24058982,-118.2832377,1183.70,-139.39,90.18,YES,YES,1584,0697,,,13,4105,13,11,1311,12,1312,2,2,10,00:00:41:1e:e4:75,snap10.sas.pvt,1,26,27,56,57,316,,,,
,LWA-348,A,Fiber,37.23891907,-118.2954386,1178.31,-1222.01,-95.25,YES,YES,0148,0384,,,10,4103,10,1,1001,2,1002,7,1,4,00:00:08:4b:e4:6f,snap04.sas.pvt,1,26,27,56,57,124,,,,
,LWA-351,K,Fiber,37.24228287,-118.2911783,1181.25,-843.95,278.08,YES,YES,111,350,,,8,4104,8,9,809,10,810,12,1,2,02:00:d4:5b:e4:75,snap02.sas.pvt,1,26,27,56,57,60,,,,
,LWA-352,J,Fiber,37.24340213,-118.2884508,1183.97,-601.93,402.30,YES,YES,469,230,,,4,4112,4,11,411,12,412,13,1,1,00:00:4e:e4:ef:75,snap01.sas.pvt,1,26,27,56,57,28,,,,
,LWA-178,H,Coaxial,37.23964422,-118.2818846,1182.83,-19.34,-14.77,YES,YES,0306,0526,OK,OK,31,1,31,15,3115,16,3116,8,2,7,00:00:d6:de:e4:75,snap07.sas.pvt,1,24,25,58,59,221,FEE installed on 11/03/2021,,,
,LWA-264,E,Fiber,37.24742802,-118.2905707,1184.92,-789.98,849.10,YES,YES,311,552,,,14,4106,14,3,1403,4,1404,4,2,11,00:00:b3:fc:e4:6f,snap11.sas.pvt,1,24,25,58,59,349,,,,
,LWA-286,G,Fiber,37.24025342,-118.2941939,1179.24,-1111.55,52.84,YES,YES,153,378,,,9,4108,9,3,903,4,904,10,1,3,02:00:a6:4e:e4:6f,snap03.sas.pvt,1,24,25,58,59,93,,,,
,LWA-289,I,Fiber,37.23400256,-118.2884195,1180.17,-599.23,-640.89,YES,YES,346,115,,,11,4109,11,3,1103,4,1104,6,1,6,02:00:c2:4f:e4:75,snap06.sas.pvt,1,24,25,58,59,189,,,,
,LWA-290,F,Fiber,37.2358154,-118.2895077,1178.93,-695.78,-439.70,YES,YES,0481,0238,,,12,4110,12,15,1215,16,1216,1,2,9,02:00:ce:ca:e4:6f,snap09.sas.pvt,1,24,25,58,59,285,,,,
,LWA-328,C,Fiber,37.24923287,-118.2867668,1185.47,-452.48,1049.41,YES,YES,176,115,,,10,4103,10,11,1011,12,1012,5,1,5,00:00:18:2d:e4:75,snap05.sas.pvt,1,24,25,58,59,157,,,,
,LWA-331,A,Fiber,37.24798036,-118.2816252,1185.03,3.68,910.40,YES,YES,114,347,,,9,4108,9,15,915,16,916,7,1,4,00:00:08:4b:e4:6f,snap04.sas.pvt,1,24,25,58,59,125,,,,
,LWA-333,B,Fiber,37.24116903,-118.2772422,1183.22,392.58,154.46,YES,YES,0550,0313,,,12,4110,12,5,1205,6,1206,3,2,8,00:00:b3:f2:e4:75,snap08.sas.pvt,1,24,25,58,59,253,,,,
,LWA-341,J,Fiber,37.23307142,-118.2940875,1177.75,-1102.21,-744.23,YES,YES,458,201,,,4,4112,4,9,409,10,410,13,1,1,00:00:4e:e4:ef:75,snap01.sas.pvt,1,24,25,58,59,29,,,,
,LWA-342,D,Fiber,37.23679766,-118.2912935,1179.12,-854.23,-330.69,YES,YES,422,181,,,13,4105,13,9,1309,10,1310,2,2,10,00:00:41:1e:e4:75,snap10.sas.pvt,1,24,25,58,59,317,,,,
,LWA-344,K,Fiber,37.23989593,-118.288109,1181.94,-571.63,13.17,YES,YES,158,385,,,8,4104,8,7,807,8,808,12,1,2,02:00:d4:5b:e4:75,snap02.sas.pvt,1,24,25,58,59,61,,,,
,LWA-315,E,Fiber,37.23748412,-118.2925047,1178.23,-961.70,-254.50,YES,YES,482,241,,,14,4106,14,9,1409,10,1410,4,2,11,00:00:b3:fc:e4:6f,snap11.sas.pvt,1,30,31,60,61,350,,,,
,LWA-319,I,Fiber,37.24384034,-118.2951269,1180.26,-1194.28,450.93,YES,YES,163,651,,,11,4109,11,9,1109,10,1110,6,1,6,02:00:c2:4f:e4:75,snap06.sas.pvt,1,30,31,60,61,190,,,,
,LWA-355,H,Fiber,37.23605168,-118.2822477,1181.72,-51.56,-413.48,YES,YES,0312,0551,,,11,4109,11,15,1115,16,1116,8,2,7,00:00:d6:de:e4:75,snap07.sas.pvt,1,30,31,60,61,222,,,,
,LWA-356,D,Fiber,37.23606589,-118.2806322,1181.18,91.80,-411.90,YES,YES,122,187,,,13,4105,13,15,1315,16,1316,2,2,10,00:00:41:1e:e4:75,snap10.sas.pvt,1,30,31,60,61,318,,,,
,LWA-357,F,Fiber,37.23745583,-118.2791485,1181.73,223.45,-257.64,YES,YES,0216,1353,,,13,4105,13,5,1305,6,1306,1,2,9,02:00:ce:ca:e4:6f,snap09.sas.pvt,1,30,31,60,61,286,,,,
,LWA-359,B,Fiber,37.23709246,-118.2819597,1181.92,-26.00,-297.97,YES,YES,554,437,,,12,4110,12,11,1211,12,1212,3,2,8,00:00:b3:f2:e4:75,snap08.sas.pvt,1,30,31,60,61,254,,,,
,LWA-360,K,Fiber,37.23281504,-118.2781856,1180.89,308.91,-772.69,YES,YES,0634,0677,,,8,4104,8,13,813,14,814,12,1,2,02:00:d4:5b:e4:75,snap02.sas.pvt,1,30,31,60,61,62,,,,
,LWA-361,C,Fiber,37.23841313,-118.280953,1182.48,63.33,-151.40,YES,YES,0140,0383,,,11,4109,11,1,1101,2,1102,5,1,5,00:00:18:2d:e4:75,snap05.sas.pvt,1,30,31,60,61,158,,,,
,LWA-362,J,Fiber,37.23437711,-118.2773526,1180.72,382.82,-599.33,YES,YES,1420,0179,,,4,4112,4,15,415,16,416,13,1,1,00:00:4e:e4:ef:75,snap01.sas.pvt,1,30,31,60,61,30,,,,
,LWA-363,G,Fiber,37.23526469,-118.2793997,1181.37,201.17,-500.82,YES,YES,0155,0376,,,9,4108,9,9,909,10,910,10,1,3,02:00:a6:4e:e4:6f,snap03.sas.pvt,1,30,31,60,61,94,,,,
,LWA-365,A,Fiber,37.23146134,-118.2827235,1200.30,-93.78,-922.93,YES,NO,,,,,10,4103,10,5,1005,6,1006,7,1,4,00:00:08:4b:e4:6f,snap04.sas.pvt,1,30,31,60,61,126,40 meter feed -- elevation given for 40m dish elevation axis,,,
,LWA-287,H,Fiber,37.24477362,-118.2929321,1179.90,-999.52,554.51,YES,YES,0150,0398,,,11,4109,11,13,1113,14,1114,8,2,7,00:00:d6:de:e4:75,snap07.sas.pvt,1,28,29,62,63,223,,,,
,LWA-299,I,Fiber,37.23655262,-118.2777586,1182.16,346.79,-357.88,YES,YES,0128,0650,,,11,4109,11,7,1107,8,1108,6,1,6,02:00:c2:4f:e4:75,snap06.sas.pvt,1,28,29,62,63,191,,,,
,LWA-304,E,Fiber,37.23913919,-118.2832515,1183.23,-140.62,-70.82,YES,YES,0605,0662,,,14,4106,14,7,1407,8,1408,4,2,11,00:00:b3:fc:e4:6f,snap11.sas.pvt,1,28,29,62,63,351,,,,
,LWA-323,G,Fiber,37.24161186,-118.2793161,1183.34,208.57,203.61,YES,YES,175,114,,,9,4108,9,7,907,8,908,10,1,3,02:00:a6:4e:e4:6f,snap03.sas.pvt,1,28,29,62,63,95,,,,
,LWA-329,F,Fiber,37.24762367,-118.2788335,1184.67,251.37,870.82,YES,YES,0141,0382,,,13,4105,13,3,1303,4,1304,1,2,9,02:00:ce:ca:e4:6f,snap09.sas.pvt,1,28,29,62,63,287,,,,
,LWA-347,B,Fiber,37.23656872,-118.2945735,1177.69,-1145.29,-356.09,YES,YES,0467,0243,,,12,4110,12,9,1209,10,1210,3,2,8,00:00:b3:f2:e4:75,snap08.sas.pvt,1,28,29,62,63,255,,,,
,LWA-350,D,Fiber,37.24661519,-118.2893411,1185.05,-680.90,758.89,YES,YES,170,110,,,13,4105,13,13,1313,14,1314,2,2,10,00:00:41:1e:e4:75,snap10.sas.pvt,1,28,29,62,63,319,,,,
,LWA-353,J,Fiber,37.24945638,-118.2948413,1184.46,-1168.85,1074.22,YES,YES,146,399,,,4,4112,4,13,413,14,414,13,1,1,00:00:4e:e4:ef:75,snap01.sas.pvt,1,28,29,62,63,31,,,,
,LWA-354,K,Fiber,37.24907479,-118.2918007,1185.78,-899.09,1031.87,YES,YES,332,576,,,8,4104,8,11,811,12,812,12,1,2,02:00:d4:5b:e4:75,snap02.sas.pvt,1,28,29,62,63,63,,,,
,LWA-358,C,Fiber,37.23734591,-118.2804504,1181.89,107.93,-269.84,YES,YES,418,160,,,10,4103,10,15,1015,16,1016,5,1,5,00:00:18:2d:e4:75,snap05.sas.pvt,1,28,29,62,63,159,,,,
,LWA-364,A,Fiber,37.23464303,-118.2815507,1180.95,10.29,-569.81,YES,YES,0159,0372,,,10,4103,10,3,1003,4,1004,7,1,4,00:00:08:4b:e4:6f,snap04.sas.pvt,1,28,29,62,63,127,,,,
,LWA-000,,N/A,37.23977727,-118.2816667,N/A,0.00,0.00,N/A,N/A,,,,,,,,,,,,,,,,,,,,,,,Array Center,,,
,LWA-366,,Fiber,37.232092,-118.295584,1177.80,-1235.02,-852.93,NO,NO,0269,1372,,,,,,,0,,0,,,,,,,,,,,,Demonstrator/Testbed by building 7,,,
